place_id,type
ChIJt8_zlCHNvJURYFJXHZBKBYw,"['locality', 'political']"
ChIJz15_eCLNvJURLdcnsgJfwWU,"['point_of_interest', 'health', 'establishment']"
ChIJxUbkdyLNvJURFslEjDcCQ8E,"['clothing_store', 'store', 'point_of_interest', 'establishment']"
ChIJ6YX4dyLNvJURV_IsJlUG0h8,"['real_estate_agency', 'point_of_interest', 'establishment']"
ChIJc0zreSLNvJURgsZScrcu5CE,"['clothing_store', 'store', 'point_of_interest', 'establishment']"
ChIJDc1XYiLNvJURuns3z79s1hg,"['point_of_interest', 'establishment']"
ChIJEbIyfCLNvJURMnmn903n6J0,"['point_of_interest', 'establishment']"
ChIJJ94NVDM1o5URLakkWqdigR8,"['electronics_store', 'store', 'point_of_interest', 'establishment']"
ChIJ-Q1GdiLNvJURTXH2b59x9kM,"['point_of_interest', 'establishment']"
ChIJaYpxoBjNvJURv1s4OpXEEWM,"['clothing_store', 'store', 'point_of_interest', 'establishment']"
ChIJcbRGZyLNvJURLGpyoayLQhY,"['clothing_store', 'store', 'point_of_interest', 'establishment']"
ChIJLa_liSLNvJURRQnG9l5SUyo,"['museum', 'point_of_interest', 'establishment']"
ChIJYcsoEyLNvJURRL1Oig46kt0,"['home_goods_store', 'store', 'point_of_interest', 'establishment']"
ChIJnz_xghjNvJURzm-uASa2kfY,"['clothing_store', 'store', 'point_of_interest', 'establishment']"
ChIJjythfyLNvJURdr2PYLMZBI0,"['clothing_store', 'store', 'point_of_interest', 'establishment']"
ChIJZZyTjRjNvJURuHl02bjYrG0,"['clothing_store', 'store', 'point_of_interest', 'establishment']"
ChIJozFj8yHNvJURtkZIJouVl1o,"['point_of_interest', 'health', 'establishment']"
ChIJFc7p3_vMvJURn71otGzmavk,"['sublocality_level_1', 'sublocality', 'political']"
ChIJNyMTRn_KvJUR6BBX-Xe6j9k,"['finance', 'point_of_interest', 'establishment']"
ChIJzcUkoRjNvJUR5KGK2ZM1Jls,"['point_of_interest', 'establishment']"
ChIJdR5iZyLNvJURK_lkOPl9kuo,"['health', 'point_of_interest', 'establishment']"
ChIJ9-tNpxjNvJURsllLz9QV9Zo,"['clothing_store', 'store', 'point_of_interest', 'establishment']"
ChIJCwNtCiLNvJUR-euC4KB0Gvg,"['clothing_store', 'store', 'point_of_interest', 'establishment']"
ChIJQ-vLXSLNvJUR6Lo_AcAX-Cc,"['health', 'point_of_interest', 'establishment']"
ChIJvUUx9SLNvJURVYtqB-5pc0I,"['book_store', 'store', 'point_of_interest', 'establishment']"
ChIJL4b9EiLNvJURsVFPnxmlZlA,"['health', 'point_of_interest', 'establishment']"
ChIJFX7fdiLNvJURXPjPqx6RyMo,"['store', 'point_of_interest', 'establishment']"
ChIJA1b5gxjNvJUR4v7uOAUS8WM,"['health', 'point_of_interest', 'establishment']"
ChIJXUvTnxjNvJUR1G4X_fJk3V4,"['point_of_interest', 'establishment']"
ChIJCRcmgSLNvJURkf3E6muAiTY,"['clothing_store', 'store', 'point_of_interest', 'establishment']"
ChIJ2ahXfyLNvJUR7WTZvWH3LoA,"['point_of_interest', 'establishment']"
ChIJjSfEdiLNvJURwPCsuBML4Rw,"['hair_care', 'health', 'point_of_interest', 'establishment']"
ChIJBxlOS6vNvJURor7bLi_CelM,"['store', 'point_of_interest', 'establishment']"
ChIJ3TLaW0vNvJURYJMgRRFWEGs,"['jewelry_store', 'store', 'point_of_interest', 'establishment']"
ChIJ94QaxtLNvJURI8EiUN2Qey0,"['clothing_store', 'store', 'point_of_interest', 'establishment']"
ChIJ3TAxOBTNvJURoYD7iYL-3iE,"['point_of_interest', 'establishment']"
ChIJ_fi9dyLNvJURYqiO64OB7lQ,"['finance', 'point_of_interest', 'establishment']"
ChIJ_yLeeSLNvJURk2b5yBM6u4g,"['cafe', 'restaurant', 'food', 'point_of_interest', 'establishment']"
ChIJ0YeydyLNvJURLh_NrMd5U9U,"['liquor_store', 'food', 'point_of_interest', 'store', 'establishment']"
ChIJf6UN7dXNvJURlFblkmn7kvY,"['hair_care', 'point_of_interest', 'establishment']"
ChIJ105gYiLNvJURN2MiMk5oQro,"['point_of_interest', 'establishment']"
ChIJFbLetI7NvJURfBK1ld-dhnM,"['health', 'point_of_interest', 'establishment']"
ChIJ6_jICyLNvJURpNYDKWszeBQ,"['clothing_store', 'point_of_interest', 'store', 'establishment']"
ChIJBQizdyLNvJUR1-UVz3r7x4s,"['parking', 'point_of_interest', 'establishment']"
ChIJWzEae1PNvJURJWC1lB3BIss,"['laundry', 'point_of_interest', 'establishment']"
ChIJUX9TghjNvJUR7ackdZZCmVQ,"['home_goods_store', 'point_of_interest', 'store', 'establishment']"
ChIJj3w-DSLNvJURcrs5EFvXdv8,"['point_of_interest', 'establishment']"
ChIJR7X-913NvJURD3EHizYGBo8,"['beauty_salon', 'point_of_interest', 'establishment']"
ChIJGxRnkw7NvJURewHajeeMLnc,"['health', 'point_of_interest', 'establishment']"
ChIJNwSceSLNvJUR8yESgiRjLFE,"['home_goods_store', 'point_of_interest', 'store', 'establishment']"
ChIJ34RceSLNvJURbKjlkEl_ffs,"['electronics_store', 'home_goods_store', 'point_of_interest', 'store', 'establishment']"
ChIJ34RceSLNvJUR6oVsOiA63Pg,"['electronics_store', 'home_goods_store', 'point_of_interest', 'store', 'establishment']"
ChIJm_uPeSLNvJURngchZ6kB_Rg,"['health', 'point_of_interest', 'establishment']"
ChIJGYZo0GfNvJURmJ4mUtyKJ0E,"['parking', 'point_of_interest', 'establishment']"
ChIJNbxqDwDNvJURcGAPQXFkESk,"['point_of_interest', 'establishment']"
ChIJy7qoeqbNvJURF91rOqwVOpQ,"['gym', 'health', 'point_of_interest', 'establishment']"
ChIJIVhyYPbNvJURxIIobWnpm1s,"['grocery_or_supermarket', 'health', 'food', 'point_of_interest', 'store', 'establishment']"
ChIJ77ej4SLNvJURs8HdozzEJo8,"['bank', 'finance', 'point_of_interest', 'establishment']"
ChIJN5gpQCLNvJURV5qV9019XvA,"['point_of_interest', 'establishment']"
ChIJvfeZ8SLNvJURAsmEVX6CZMI,"['jewelry_store', 'store', 'point_of_interest', 'establishment']"
ChIJi8Rs6T3NvJURbdnVcmTVRZE,"['lawyer', 'point_of_interest', 'establishment']"
ChIJ81QG8CLNvJURKDBWlYSYKTE,"['clothing_store', 'store', 'point_of_interest', 'establishment']"
ChIJf70dWyLNvJUR6H93iqyHoZM,"['clothing_store', 'store', 'point_of_interest', 'establishment']"
ChIJcfAUQSLNvJURnQKcHS2kmaQ,"['insurance_agency', 'point_of_interest', 'establishment']"
ChIJsxW7VSLNvJUROGwFDelJARA,"['point_of_interest', 'establishment']"
ChIJMe6EVSLNvJUR7814KBUDXTM,"['grocery_or_supermarket', 'store', 'food', 'point_of_interest', 'establishment']"
ChIJ6aIF-iLNvJURRxezlEftcnk,"['clothing_store', 'store', 'point_of_interest', 'establishment']"
ChIJTdgJUyLNvJURwhvjDgbwsqM,"['point_of_interest', 'establishment']"
ChIJt55n-iLNvJURJ20lC6g45t0,"['store', 'food', 'point_of_interest', 'establishment']"
ChIJi7kgTyLNvJURilyIxIUJY4Y,"['restaurant', 'point_of_interest', 'food', 'establishment']"
ChIJ6bhz8yLNvJUR75grA8kFe84,"['real_estate_agency', 'point_of_interest', 'establishment']"
ChIJ_Z9dmyLNvJUR0UYJQLSrgcc,"['point_of_interest', 'establishment']"
ChIJq2564yLNvJURcWzyIHGvrww,"['point_of_interest', 'establishment']"
ChIJhYVX_iLNvJURN2VVZ1vf9EQ,"['point_of_interest', 'store', 'establishment']"
ChIJddJnTCLNvJURmPigtl9ggYo,"['bakery', 'point_of_interest', 'food', 'store', 'establishment']"
ChIJp24ZRCLNvJURl8-c3g_3S5M,"['bakery', 'point_of_interest', 'food', 'store', 'establishment']"
ChIJRw8ohTwzo5URovN-S0CChiY,"['beauty_salon', 'point_of_interest', 'establishment']"
ChIJZcxm7SLNvJURNqdXvMialzs,"['bakery', 'point_of_interest', 'food', 'store', 'establishment']"
ChIJNXedUyLNvJUR2ctiw6wno44,"['shoe_store', 'point_of_interest', 'store', 'establishment']"
ChIJo-4c_SLNvJURuTOlxPy24y8,"['pharmacy', 'health', 'point_of_interest', 'store', 'establishment']"
ChIJK7ur_SLNvJUROgInjxg5uYk,"['health', 'point_of_interest', 'establishment']"
ChIJK7ur_SLNvJURHcwTojfSnQ0,"['doctor', 'health', 'point_of_interest', 'establishment']"
ChIJPUdHXCLNvJURMRVAFrOgaSs,"['grocery_or_supermarket', 'point_of_interest', 'food', 'store', 'establishment']"
ChIJr_nLXSLNvJURFmyPLjq2asM,"['hair_care', 'point_of_interest', 'establishment']"
ChIJ545_ZyLNvJUR91JH72JT26Y,"['clothing_store', 'point_of_interest', 'store', 'establishment']"
ChIJhx6eHjHNvJURfikCg6KfZKM,"['clothing_store', 'point_of_interest', 'store', 'establishment']"
ChIJVVWeXSLNvJURT5U5_KhbkJw,"['point_of_interest', 'store', 'establishment']"
ChIJN1iP5_zNvJURqJ0bBe-4fhE,"['store', 'point_of_interest', 'establishment']"
ChIJdR5iZyLNvJURjpIpvd-nlCM,"['health', 'point_of_interest', 'establishment']"
ChIJtZwZ9RvNvJURhS2rhbP5mtg,"['grocery_or_supermarket', 'food', 'point_of_interest', 'store', 'establishment']"
ChIJ3-bgXyLNvJUR52svu9vTk1c,"['health', 'point_of_interest', 'store', 'establishment']"
ChIJSUib8crNvJURdtD2YAkMjUA,"['point_of_interest', 'establishment']"
ChIJQ-vLXSLNvJUR2OVYg2ilSvA,"['health', 'point_of_interest', 'establishment']"
ChIJz6GaXiLNvJURe766VEVk10Q,"['meal_takeaway', 'restaurant', 'food', 'point_of_interest', 'establishment']"
ChIJO-wDznDNvJURRhfogJ8GqwY,"['book_store', 'point_of_interest', 'store', 'establishment']"
ChIJw8MpQyLNvJUREtbzfO5ukiU,"['food', 'point_of_interest', 'store', 'establishment']"
ChIJW3R7XiLNvJURmpRaldwsRI4,"['health', 'restaurant', 'food', 'point_of_interest', 'store', 'establishment']"
ChIJ5w3wXSLNvJURzXg55UsLgIQ,"['point_of_interest', 'establishment']"
ChIJZ546XiLNvJUR5Fmpqf_XIlc,"['point_of_interest', 'establishment']"
ChIJz_7DSd7NvJURRpCVKe8FV9k,"['lawyer', 'point_of_interest', 'establishment']"
ChIJvUUx9SLNvJUR757FRoSXGUY,"['lawyer', 'point_of_interest', 'establishment']"
ChIJneVbiCLNvJURMwIdWoxWil4,"['clothing_store', 'point_of_interest', 'store', 'establishment']"
ChIJzcAvvsfNvJURC_hlK5zsG2A,"['point_of_interest', 'establishment']"
ChIJ5yjvZyLNvJUR6GkGIE0-Vbo,"['clothing_store', 'point_of_interest', 'store', 'establishment']"
ChIJCXN_OsfNvJURz7P-Iut2gUc,"['shoe_store', 'point_of_interest', 'store', 'establishment']"
ChIJ6WTgaSLNvJURvxIUiFUyDFw,"['health', 'point_of_interest', 'store', 'establishment']"
ChIJOeXOXSLNvJURjau9X-6N_vI,"['health', 'point_of_interest', 'store', 'establishment']"
ChIJ8Xg4GCLNvJURpcWzcudhrg0,"['restaurant', 'cafe', 'bar', 'liquor_store', 'food', 'store', 'point_of_interest', 'establishment']"
ChIJj7YSFSLNvJUR4kN9NaKyfBw,"['clothing_store', 'store', 'point_of_interest', 'establishment']"
ChIJ55bhoyHNvJUR_iWZr9J8Biw,"['home_goods_store', 'store', 'point_of_interest', 'establishment']"
ChIJq6q-uiPNvJURVO9r-ngO_aY,"['point_of_interest', 'establishment']"
ChIJlfUPISLNvJURUHMcnbdtDz8,"['real_estate_agency', 'point_of_interest', 'establishment']"
ChIJYVztGCLNvJURFQBSgy2N5iI,"['food', 'store', 'point_of_interest', 'establishment']"
ChIJ5axpaiLNvJUR2pFlOvzJXWA,"['real_estate_agency', 'point_of_interest', 'establishment']"
ChIJIzau9VbNvJURJ5IZTyc06RE,"['spa', 'point_of_interest', 'establishment']"
ChIJiwvNDSLNvJURU8Zvkde3PhI,"['hardware_store', 'store', 'point_of_interest', 'establishment']"
ChIJO4dQDCLNvJUROYvx_XkVBEs,"['store', 'point_of_interest', 'establishment']"
ChIJSdpGlfvNvJURM3364jfU7Cs,"['travel_agency', 'point_of_interest', 'establishment']"
ChIJtQCVkhjNvJURM7AcfsV6tIE,"['clothing_store', 'point_of_interest', 'store', 'establishment']"
ChIJ72VDUCLNvJURUAd0FkDYynI,"['point_of_interest', 'establishment']"
ChIJOdwBCSLNvJURdaIsDGtnEfY,"['point_of_interest', 'establishment']"
ChIJWR0SDCLNvJUR8GooVxpis1Q,"['point_of_interest', 'establishment']"
ChIJlf6gm5vNvJURfFpwKwIRpKA,"['health', 'point_of_interest', 'establishment']"
ChIJz7s30SHNvJURiT0srvO450w,"['beauty_salon', 'point_of_interest', 'establishment']"
ChIJ-1Nf1gLNvJURrBVEz5PexGw,"['hair_care', 'health', 'point_of_interest', 'establishment']"
ChIJx_1mHwPNvJUReP6Km8gweck,"['health', 'point_of_interest', 'establishment']"
ChIJ2W_3CyLNvJUR-NlWS1JyypI,"['electronics_store', 'point_of_interest', 'store', 'establishment']"
ChIJ9YHLyITNvJURhmpb-wjyXbg,"['grocery_or_supermarket', 'point_of_interest', 'food', 'store', 'establishment']"
ChIJq3tjCSLNvJURoKjerFyaQbU,"['beauty_salon', 'point_of_interest', 'establishment']"
ChIJL4b9EiLNvJURmeC3YafKpxU,"['health', 'point_of_interest', 'establishment']"
ChIJeU08DCLNvJURgSGHtpvUGaE,"['transit_station', 'point_of_interest', 'establishment']"
ChIJg0kfEyLNvJURjFaX6swlrI4,"['health', 'point_of_interest', 'establishment']"
ChIJX0OXpifNvJUR_pXEEHj17qQ,"['real_estate_agency', 'point_of_interest', 'establishment']"
ChIJQ9uqMGfNvJURTGBuhJDckk8,"['dentist', 'health', 'point_of_interest', 'establishment']"
ChIJh3pwFk4zo5URfkBtm89hb-Q,"['point_of_interest', 'establishment']"
ChIJO55yqhjNvJUReZ2JcRSfJ34,"['health', 'point_of_interest', 'establishment']"
ChIJL4b9EiLNvJURisJZOfRZ_i0,"['beauty_salon', 'point_of_interest', 'establishment']"
ChIJJzC8CSLNvJURjmPIMjKkElA,"['travel_agency', 'point_of_interest', 'establishment']"
ChIJ-wx0RgjNvJURTkNL52Bh-es,"['point_of_interest', 'establishment']"
ChIJQy92wyzNvJURLYAeXSqcIk0,"['dentist', 'point_of_interest', 'health', 'establishment']"
ChIJZYRQEyLNvJURrSn6tTxSF1A,"['clothing_store', 'store', 'point_of_interest', 'establishment']"
ChIJs_J2Z7Yzo5URqWqTZYGjOTI,"['meal_delivery', 'food', 'point_of_interest', 'establishment']"
ChIJZ40THSLNvJURJXaRwI-f2kM,"['real_estate_agency', 'point_of_interest', 'establishment']"
ChIJW3AYVv3NvJUR6kV10WdYsuw,"['book_store', 'store', 'point_of_interest', 'establishment']"
ChIJj2-N5j_NvJURYPaWBsD8D9E,"['point_of_interest', 'health', 'establishment']"
ChIJK3-U1o_NvJURdeEU-mrrHfs,"['point_of_interest', 'establishment']"
ChIJB7LbsizNvJURVOR7AfdNGuw,"['store', 'point_of_interest', 'establishment']"
ChIJ5U9Y3_PNvJURVMIiPk5t6FI,"['beauty_salon', 'point_of_interest', 'establishment']"
ChIJVT9WDSLNvJURg7XqGnyaVSc,"['electronics_store', 'store', 'point_of_interest', 'establishment']"
ChIJte3R9PTNvJUR1pORRaOfa9Q,"['bakery', 'store', 'food', 'point_of_interest', 'establishment']"
ChIJd6KYEojNvJUR0Y_ZIxH_vaM,"['store', 'food', 'point_of_interest', 'establishment']"
ChIJtdK20UjNvJUR7mS-bWNkm5Q,"['shoe_store', 'store', 'point_of_interest', 'establishment']"
ChIJVfEdayLNvJURUSi1GwRSiJo,"['store', 'food', 'point_of_interest', 'health', 'establishment']"
ChIJDSf2YpDNvJURmLDJEtoSGF4,"['point_of_interest', 'health', 'establishment']"
ChIJlWf9NSLNvJURINexHJdCePA,"['meal_delivery', 'meal_takeaway', 'restaurant', 'point_of_interest', 'food', 'establishment']"
ChIJR91ESiLNvJURQEFnirlxbeE,"['clothing_store', 'point_of_interest', 'store', 'establishment']"
ChIJpwsedbTJvJURLcBsepcGNNY,"['real_estate_agency', 'general_contractor', 'finance', 'point_of_interest', 'establishment']"
ChIJj4ZOMiLNvJURz0G_4-VngWc,"['point_of_interest', 'establishment']"
ChIJRd3JpCTNvJURfgAO3rrzsLc,"['point_of_interest', 'establishment']"
ChIJd9GjSyLNvJURWRTYCcwCz18,"['bank', 'finance', 'point_of_interest', 'establishment']"
ChIJ0cBu373NvJURNLNoSXIIFME,"['bar', 'point_of_interest', 'establishment']"
ChIJbf5EFSLNvJUR9ydJ34-fR7c,"['point_of_interest', 'establishment']"
ChIJtZyb5VTNvJURvXXqUCRz6s0,"['store', 'point_of_interest', 'establishment']"
ChIJSyfDFyLNvJURXZuGutPth7M,"['health', 'point_of_interest', 'establishment']"
ChIJOdiUxZzNvJURKGmZ8ZUj330,"['clothing_store', 'store', 'point_of_interest', 'establishment']"
ChIJNf06RiLNvJURynKDRlBpdaU,"['store', 'point_of_interest', 'establishment']"
ChIJt3gBPSLNvJURw1PuzGecwgE,"['point_of_interest', 'establishment']"
ChIJndsFGx_NvJUR1hme2lGj7k4,"['health', 'point_of_interest', 'establishment']"
ChIJHdT4PiLNvJURbrFwvnZSa6M,"['gym', 'health', 'point_of_interest', 'establishment']"
ChIJK7NPRiLNvJUR2Pog0VDpk98,"['grocery_or_supermarket', 'store', 'food', 'point_of_interest', 'establishment']"
ChIJt5mp4_zNvJURpJGjIgj26X4,"['doctor', 'health', 'point_of_interest', 'establishment']"
ChIJLZnwlz3NvJURglAuuq4FRXQ,"['clothing_store', 'store', 'point_of_interest', 'establishment']"
ChIJZes8d0HNvJURcRkUjf0-XQ0,"['clothing_store', 'store', 'point_of_interest', 'establishment']"
ChIJ9TtiPiLNvJURTr2F45orpIU,"['clothing_store', 'store', 'point_of_interest', 'establishment']"
ChIJwXzecVDNvJURw_KowR9veP0,"['supermarket', 'grocery_or_supermarket', 'store', 'food', 'point_of_interest', 'establishment']"
ChIJy1mgSCLNvJURupoA64qZduY,"['locksmith', 'point_of_interest', 'establishment']"
ChIJaXvFRiLNvJURQ7THCxIDzsk,"['health', 'point_of_interest', 'establishment']"
ChIJr6TRABrNvJURc2mig-Nx_qc,"['grocery_or_supermarket', 'point_of_interest', 'food', 'store', 'establishment']"
ChIJ3cfYVWTNvJURthCMdtLtlK0,"['point_of_interest', 'food', 'store', 'establishment']"
ChIJ7Q4wt1nNvJURv9Zbdt5o7bU,"['point_of_interest', 'store', 'establishment']"
ChIJuUr-ltLNvJURKfwvdhVmzio,"['point_of_interest', 'store', 'establishment']"
ChIJb94SPSLNvJURj_Tr3KINyWw,"['pharmacy', 'health', 'point_of_interest', 'store', 'establishment']"
ChIJkW4aQSLNvJURb47KJCVT5C8,"['restaurant', 'point_of_interest', 'food', 'establishment']"
ChIJIQS8QSLNvJURwBlIy5dfFB8,"['shoe_store', 'clothing_store', 'point_of_interest', 'store', 'establishment']"
ChIJEyz3QCLNvJUR1XCPF_03Ks8,"['real_estate_agency', 'point_of_interest', 'establishment']"
ChIJW7RgTyLNvJURIxePi0DdPFA,"['beauty_salon', 'point_of_interest', 'establishment']"
ChIJD04LNznNvJURY2WiquIbL7o,"['point_of_interest', 'store', 'establishment']"
ChIJhaP05lzLvJURyGWIFDqej0M,"['point_of_interest', 'establishment']"
ChIJeaUTTyLNvJURCPOzr06YLyU,"['book_store', 'point_of_interest', 'store', 'establishment']"
ChIJzZnZQCLNvJURqLLk5fKg0mk,"['transit_station', 'point_of_interest', 'establishment']"
ChIJp3zVSCLNvJURqmPfH2eHp5Y,"['point_of_interest', 'establishment']"
ChIJybXsIDfNvJURYp8ZUXNImpI,"['restaurant', 'point_of_interest', 'food', 'establishment']"
ChIJP1NWQSLNvJURdfELzrv4ek8,"['parking', 'point_of_interest', 'establishment']"
ChIJpRxGRCLNvJURRJ2whHFbJGg,"['point_of_interest', 'establishment']"
ChIJ4fOioA_NvJURbBKq4iebvFM,"['health', 'point_of_interest', 'establishment']"
ChIJf_M84P7NvJURlvgGVXb6RzY,"['restaurant', 'point_of_interest', 'food', 'establishment']"
ChIJgxOx7yHNvJUR4_Mg9Sv_W3A,"['travel_agency', 'point_of_interest', 'establishment']"
ChIJ6QWV7yHNvJURmNUXbeVl7Ts,"['health', 'point_of_interest', 'establishment']"
ChIJRUSahx7NvJURmLBiDEBF-es,"['accounting', 'finance', 'point_of_interest', 'establishment']"
ChIJlZUbWB_NvJURs-aAB4HGQ6I,"['restaurant', 'point_of_interest', 'food', 'establishment']"
ChIJBZ2T3PvMvJURuxf4hG5cUzA,"['restaurant', 'point_of_interest', 'food', 'establishment']"
ChIJ_W3LjCHNvJURL-3TKZ35d_w,"['bakery', 'point_of_interest', 'food', 'store', 'establishment']"
ChIJxzr9eB_NvJURp2ratXFWrHs,"['restaurant', 'point_of_interest', 'food', 'establishment']"
ChIJZey3Xbg0o5URGD3kb7Yb5jc,"['lawyer', 'point_of_interest', 'establishment']"
ChIJj9CwU1XMvJUR6bfBauEqjMY,"['point_of_interest', 'store', 'establishment']"
ChIJo6M8lh_NvJURqgno98dXpV8,"['point_of_interest', 'establishment']"
ChIJpaqhtCTNvJURJ3s5p6JtNXQ,"['clothing_store', 'point_of_interest', 'store', 'establishment']"
ChIJY-OWajvNvJURaVvgoGY-IwE,"['real_estate_agency', 'point_of_interest', 'establishment']"
ChIJbxkq_3HNvJURxnH1RmLPeUc,"['finance', 'point_of_interest', 'establishment']"
ChIJ3UdqJSLNvJURGte38ums0-M,"['finance', 'point_of_interest', 'establishment']"
ChIJFwo1AiLNvJURU92GBiK51EY,"['doctor', 'health', 'point_of_interest', 'establishment']"
ChIJUSYw_SHNvJURuweo0p7vQHs,"['point_of_interest', 'establishment']"
ChIJ34bf4iHNvJURhxINFcyp_WM,"['transit_station', 'point_of_interest', 'establishment']"
ChIJ-UbGt-TNvJURBry4w3ubV6A,"['health', 'point_of_interest', 'establishment']"
ChIJEbxn5CHNvJURfWrKAj3Dpbo,"['real_estate_agency', 'point_of_interest', 'establishment']"
ChIJm2QAXfvNvJURRCRPY0XyCq0,"['finance', 'point_of_interest', 'establishment']"
ChIJE2_99yHNvJURfByg7jP8T8I,"['point_of_interest', 'establishment']"
ChIJ01_NA93NvJURCo4Z0jRA6_Y,"['health', 'point_of_interest', 'establishment']"
ChIJ_4zv8qvNvJURnyEhQs_DGi0,"['bar', 'restaurant', 'food', 'point_of_interest', 'establishment']"
ChIJWY55HSLNvJUR4ddG1J0dyw8,"['point_of_interest', 'establishment']"
ChIJM5eU9Lg0o5UR1xwZ6yQZmpQ,"['point_of_interest', 'establishment']"
ChIJzypldgzNvJUR5UnSSSF6G4Q,"['food', 'store', 'point_of_interest', 'establishment']"
ChIJ8VOTWB_NvJURWMyfaKCG1uE,"['beauty_salon', 'hair_care', 'point_of_interest', 'establishment']"
ChIJDbNaXUzNvJURbXx583gHxj0,"['beauty_salon', 'point_of_interest', 'establishment']"
ChIJeQEi-ObNvJURjssImH3fIV8,"['hair_care', 'health', 'point_of_interest', 'establishment']"
ChIJvxLuc7PNvJURRqyTtfry_ds,"['food', 'store', 'point_of_interest', 'establishment']"
ChIJ__8v8iHNvJURt3gqL2SF81k,"['dentist', 'health', 'point_of_interest', 'establishment']"
ChIJ_QxGYADNvJURRVK8LShmLLI,"['point_of_interest', 'establishment']"
ChIJEW5DARXNvJURwWLikawPYJ4,"['beauty_salon', 'point_of_interest', 'establishment']"
ChIJU3Hcw17NvJURiq87Pis9cAc,"['point_of_interest', 'health', 'establishment']"
ChIJ0eQRrYHNvJURVS4wxK-SnDo,"['point_of_interest', 'establishment']"
ChIJO735RwDNvJURVTgKa-RXGgI,"['furniture_store', 'home_goods_store', 'store', 'point_of_interest', 'establishment']"
ChIJS2O-iUDNvJURrS9G3JAjuq8,"['point_of_interest', 'health', 'establishment']"
ChIJCUsEHyLNvJURemLyU34ykT4,"['restaurant', 'food', 'point_of_interest', 'establishment']"
ChIJKxbQVx_NvJURHeYa2jjWQRo,"['museum', 'point_of_interest', 'establishment']"
ChIJcyqpHyLNvJURauYxGElOvm0,"['real_estate_agency', 'point_of_interest', 'establishment']"
ChIJP0nC7SHNvJURAg9VTuPM2HM,"['food', 'store', 'point_of_interest', 'establishment']"
ChIJYyEkoWjNvJURe0gnHn00loo,"['dentist', 'point_of_interest', 'health', 'establishment']"
ChIJT3Yw3rjNvJURDBBHYAiJnyg,"['hair_care', 'point_of_interest', 'health', 'establishment']"
ChIJHUMMu0LNvJURMmBlaVxrVgw,"['hospital', 'point_of_interest', 'health', 'establishment']"
ChIJoalgHiLNvJURjjKrbz28Y0Q,"['food', 'store', 'point_of_interest', 'establishment']"
ChIJeXJ5atDNvJUR6cmGrd05zAg,"['clothing_store', 'store', 'point_of_interest', 'establishment']"
ChIJdcax7SHNvJURUbxYsFKNVxs,"['real_estate_agency', 'point_of_interest', 'establishment']"
ChIJieRJXx_NvJUR1Zez6NlLgr8,"['point_of_interest', 'establishment']"
ChIJZSE2Xx_NvJURHw6TpOVOq5A,"['point_of_interest', 'establishment']"
ChIJb-4eWNHNvJURGnxG99iJME0,"['food', 'store', 'point_of_interest', 'establishment']"
ChIJbwGu0iPNvJURMGym3dalvmk,"['doctor', 'health', 'point_of_interest', 'establishment']"
ChIJJ1QAhSHNvJURyw5A_WruRpg,"['real_estate_agency', 'point_of_interest', 'establishment']"
ChIJm4hegyHNvJURv_dRE--w9HM,"['food', 'point_of_interest', 'store', 'establishment']"
ChIJO1IH0iPNvJURqvO5zj-Fzik,"['point_of_interest', 'establishment']"
ChIJH-RiLCLNvJURFGuXYH3vdKo,"['point_of_interest', 'store', 'establishment']"
ChIJJzKv7CHNvJURk586bgt7heg,"['clothing_store', 'point_of_interest', 'store', 'establishment']"
ChIJhVGcKyLNvJURjhYc9WuAy_0,"['point_of_interest', 'establishment']"
ChIJTzDD7CHNvJURo5puTGzSlY8,"['clothing_store', 'shoe_store', 'point_of_interest', 'store', 'establishment']"
ChIJvw4R0yPNvJURWvMjXpmxk_w,"['store', 'point_of_interest', 'establishment']"
ChIJGeVwmyHNvJUR2HltuuXwMuw,"['bank', 'atm', 'finance', 'point_of_interest', 'establishment']"
ChIJ7aJOLDjNvJURYcvOHEcz1xo,"['bar', 'point_of_interest', 'establishment']"
ChIJW_gVjiHNvJURtTXGuSW0UeY,"['food', 'store', 'point_of_interest', 'establishment']"
ChIJbwZGldPNvJURyNtCvkuHomE,"['gym', 'health', 'point_of_interest', 'establishment']"
ChIJp4agJiLNvJUR0HtmgAiIA_4,"['lodging', 'finance', 'point_of_interest', 'establishment']"
ChIJ0WS5iiHNvJUR00E9L2N9Syg,"['health', 'point_of_interest', 'establishment']"
ChIJoVB4i2_NvJURDOP3dCD4f9A,"['restaurant', 'food', 'point_of_interest', 'establishment']"
ChIJcQrXd5_NvJUR84SXtj3gkaA,"['beauty_salon', 'point_of_interest', 'establishment']"
ChIJz2wAP-HNvJURMVoAqeRkYhA,"['beauty_salon', 'point_of_interest', 'establishment']"
ChIJCe4KRmjNvJURhjH08YIxM3Y,"['clothing_store', 'store', 'point_of_interest', 'establishment']"
ChIJZSylO6nNvJURKcHUK95_Yis,"['clothing_store', 'store', 'point_of_interest', 'establishment']"
ChIJCaE2KCLNvJURune9qdz7nzA,"['school', 'point_of_interest', 'establishment']"
ChIJGapT9j3NvJURSqq18UhRtlE,"['restaurant', 'food', 'point_of_interest', 'establishment']"
ChIJB7bZiiHNvJURNm5rHEkOgD4,"['clothing_store', 'store', 'point_of_interest', 'establishment']"
ChIJK_qD0unNvJURhZypEdgf5A0,"['health', 'point_of_interest', 'establishment']"
ChIJ9fewISLNvJUR4h2TW4njay0,"['restaurant', 'cafe', 'store', 'food', 'point_of_interest', 'establishment']"
ChIJfTO_zBnNvJURmmrRtxsdfKk,"['pet_store', 'store', 'food', 'point_of_interest', 'establishment']"
ChIJzexaKiLNvJURcsxmCzlfyvA,"['point_of_interest', 'establishment']"
ChIJn6D8jCHNvJURxPBwVOhX0VI,"['point_of_interest', 'establishment']"
ChIJ42UmCOLNvJURW9v46HoTdJE,"['bakery', 'store', 'food', 'point_of_interest', 'establishment']"
ChIJxU8KjSHNvJURU0ztwJMsOwo,"['point_of_interest', 'establishment']"
ChIJ25BuJSLNvJURz6-n7BsIEo8,"['point_of_interest', 'establishment']"
ChIJG9Q0jSHNvJURKz94P0ylqH8,"['store', 'food', 'point_of_interest', 'establishment']"
ChIJe8fC-TjNvJUR0T-MweVtzNk,"['supermarket', 'grocery_or_supermarket', 'store', 'food', 'point_of_interest', 'establishment']"
ChIJ7d4tKiLNvJURYj_tZgXR5aw,"['transit_station', 'point_of_interest', 'establishment']"
ChIJibXhhVrNvJURbh51um6tWsY,"['clothing_store', 'store', 'point_of_interest', 'establishment']"
ChIJ37mhiujNvJUR8WKuqiLmFyw,"['finance', 'point_of_interest', 'establishment']"
ChIJC3wwhCHNvJUR1ZmjC59M6Ak,"['point_of_interest', 'establishment']"
ChIJgRWjLSLNvJURe9ghEe8b_t4,"['pharmacy', 'store', 'health', 'point_of_interest', 'establishment']"
ChIJjStfDCLNvJURNOKC01QBbv8,"['school', 'point_of_interest', 'establishment']"
ChIJFbpWvrg0o5URZHQ7ZLj-11k,"['hardware_store', 'store', 'point_of_interest', 'establishment']"
ChIJBSgGMADNvJURFhOcf_SSMW8,"['cafe', 'store', 'food', 'point_of_interest', 'establishment']"
ChIJ9VVvwCHNvJURkEhBRlMBd_U,"['meal_takeaway', 'bar', 'restaurant', 'food', 'point_of_interest', 'establishment']"
ChIJsefDxiHNvJURwX0hz2zyXqk,"['clothing_store', 'store', 'point_of_interest', 'establishment']"
ChIJlfWK1SHNvJUR7VNMeEqYF3Y,"['bakery', 'restaurant', 'food', 'store', 'point_of_interest', 'establishment']"
ChIJFV8luCHNvJURH6Ht8KFkBz0,"['cafe', 'bakery', 'food', 'store', 'point_of_interest', 'establishment']"
ChIJWUd23yHNvJUR9o1QB6yje2w,"['real_estate_agency', 'point_of_interest', 'establishment']"
ChIJt8BxDIrNvJURnlRyF7DTjf8,"['jewelry_store', 'store', 'point_of_interest', 'establishment']"
ChIJZ-RO0SHNvJUR37VCmt_1Cnw,"['dentist', 'health', 'point_of_interest', 'establishment']"
ChIJGT2y-c3NvJURq0IdId5viGw,"['health', 'point_of_interest', 'establishment']"
ChIJi5ZVwSHNvJURuEivEJttOag,"['bar', 'point_of_interest', 'establishment']"
ChIJPa8N84nNvJURsPD6AdB4siQ,"['point_of_interest', 'establishment']"
ChIJfzrsPMrKvJURMHv6H3mwKVg,"['store', 'point_of_interest', 'establishment']"
ChIJYzSg7SHNvJURhwr17ILtYkY,"['real_estate_agency', 'point_of_interest', 'establishment']"
ChIJY11ySADNvJURThnizFLe0OA,"['beauty_salon', 'point_of_interest', 'establishment']"
ChIJIfVtE57NvJURGkP6fMYD9ls,"['shoe_store', 'store', 'point_of_interest', 'establishment']"
ChIJXRkb54rNvJURNumwcjjgswQ,"['point_of_interest', 'establishment']"
ChIJB_RNo5fNvJURdADfrtGSdQA,"['bar', 'point_of_interest', 'establishment']"
ChIJTazFwSHNvJURyt6z48nT08s,"['point_of_interest', 'establishment']"
ChIJsaEXlWnNvJURFPyuo5Dmfew,"['cafe', 'food', 'point_of_interest', 'establishment']"
ChIJm-kwkyHNvJURGIuAw9FB7Fc,"['clothing_store', 'store', 'point_of_interest', 'establishment']"
ChIJHzO0xiHNvJURNX4BRnFOmKo,"['point_of_interest', 'establishment']"
ChIJZ-RO0SHNvJUR_MS3SEGLTlk,"['doctor', 'point_of_interest', 'health', 'establishment']"
ChIJQWXI1iHNvJURWfR4HPlSFi8,"['point_of_interest', 'establishment']"
ChIJRSzB7iHNvJURF-N0VGrOkh4,"['point_of_interest', 'establishment']"
ChIJ789B0SHNvJURaLNmeVMAWT0,"['point_of_interest', 'establishment']"
ChIJL8Tq0SHNvJURFAkpH39pugE,"['health', 'point_of_interest', 'establishment']"
ChIJX8m5VTLNvJUR66L8RTnnByk,"['grocery_or_supermarket', 'store', 'food', 'point_of_interest', 'establishment']"
ChIJL0p9zyLNvJURc8Xq1h9qeVc,"['point_of_interest', 'establishment']"
ChIJUT8PEMPNvJURhzxp8qT-HRg,"['veterinary_care', 'point_of_interest', 'establishment']"
ChIJe-LOaqfTvJURrhdaJ9jH1_M,"['clothing_store', 'store', 'point_of_interest', 'establishment']"
ChIJk5UC7O3NvJURR7GwTi18_r4,"['clothing_store', 'store', 'point_of_interest', 'establishment']"
ChIJp-JiwCHNvJURzYYpJWhFBVY,"['police', 'point_of_interest', 'establishment']"
ChIJ333TziXNvJURlAaHhTfhxYM,"['clothing_store', 'store', 'point_of_interest', 'establishment']"
ChIJW8uvnXLNvJURxPMxXIfQHpI,"['health', 'point_of_interest', 'establishment']"
ChIJ9f4-Rl7NvJURNaCccA5iMEI,"['health', 'point_of_interest', 'establishment']"
ChIJK9JK7CHNvJURjPNHYZmUxQU,"['health', 'point_of_interest', 'establishment']"
ChIJOQJELRrNvJURPL756fAD-_o,"['doctor', 'health', 'point_of_interest', 'establishment']"
ChIJlUVHwCHNvJURG-PAgWBkyMA,"['store', 'point_of_interest', 'establishment']"
ChIJnxIRYB_NvJURzUjPSUnVFQs,"['point_of_interest', 'establishment']"
ChIJp-JiwCHNvJURfIfO6c8g5M4,"['police', 'point_of_interest', 'establishment']"
ChIJY3vQziHNvJURxlXsRqfgreU,"['point_of_interest', 'establishment']"
ChIJl3TF6iHNvJURnO0DCXx_1hs,"['clothing_store', 'store', 'point_of_interest', 'establishment']"
ChIJHdq0uSHNvJURwFulH6QHdgE,"['real_estate_agency', 'point_of_interest', 'establishment']"
ChIJ89oenyHNvJURuNqPk91kRRQ,"['real_estate_agency', 'point_of_interest', 'establishment']"
ChIJm0ssmSHNvJURGsAHXFo86A4,"['bank', 'finance', 'point_of_interest', 'establishment']"
ChIJmRoVnyHNvJURMbGBaZFAEmo,"['bank', 'atm', 'finance', 'point_of_interest', 'establishment']"
ChIJ23lOTyLNvJURIUgIHc7I6_c,"['point_of_interest', 'establishment']"
ChIJC8N5nSHNvJURPV4u41UbN7M,"['bank', 'finance', 'point_of_interest', 'establishment']"
ChIJaU5xpCHNvJURjXd_2gQW1a0,"['real_estate_agency', 'point_of_interest', 'establishment']"
ChIJfVyJTSLNvJURuITCC1iIj3o,"['electronics_store', 'store', 'point_of_interest', 'establishment']"
ChIJUdiypiHNvJURq-znOtQUS4I,"['point_of_interest', 'establishment']"
ChIJp8tonCHNvJURgO2B8VPQ2qA,"['bank', 'finance', 'point_of_interest', 'establishment']"
ChIJFat9tSPNvJURIFluD2c6f4U,"['finance', 'point_of_interest', 'establishment']"
ChIJmw149d_MvJURHR-uPr-97kk,"['health', 'point_of_interest', 'establishment']"
ChIJDcz4oSHNvJURnw5NffNKFvU,"['bank', 'atm', 'finance', 'point_of_interest', 'establishment']"
ChIJGSTbniHNvJURdW5DMXdgOlM,"['finance', 'point_of_interest', 'establishment']"
ChIJBWyZgyHNvJURVe7MNa9HVes,"['veterinary_care', 'store', 'food', 'point_of_interest', 'establishment']"
ChIJ8fyNnCHNvJUREDUN5v1iSlQ,"['bakery', 'store', 'food', 'point_of_interest', 'establishment']"
ChIJ0zsndiHNvJURBWfIn5zZ6kg,"['dentist', 'health', 'point_of_interest', 'establishment']"
ChIJEaj5jiHNvJURmdMHFdbkwSQ,"['doctor', 'health', 'point_of_interest', 'establishment']"
ChIJ41GWgnfNvJURX2pwSwft-AU,"['gym', 'health', 'point_of_interest', 'establishment']"
ChIJNYO7niHNvJURwHjowFxk69Q,"['finance', 'point_of_interest', 'establishment']"
ChIJj43-kSHNvJURwGAkcfaHQmk,"['gym', 'health', 'point_of_interest', 'establishment']"
ChIJzajrniHNvJURGJdbei2rZMM,"['pharmacy', 'store', 'point_of_interest', 'health', 'establishment']"
ChIJ2_YLVGfNvJURZ3V4nsQy9Yw,"['atm', 'finance', 'point_of_interest', 'establishment']"
ChIJNVesniHNvJUR0BQ8zSlSl6M,"['finance', 'point_of_interest', 'establishment']"
ChIJhVGcKyLNvJURo4lZ3TxsR70,"['real_estate_agency', 'point_of_interest', 'establishment']"
ChIJ0XePCgDNvJUR_ApfF_2iPrI,"['point_of_interest', 'establishment']"
ChIJt2w1mSHNvJURashtpg6nVoA,"['furniture_store', 'home_goods_store', 'store', 'point_of_interest', 'establishment']"
ChIJiWvVuyHNvJURej5qCDVHBf8,"['point_of_interest', 'establishment']"
ChIJi2hLRjzNvJURJBXhoQbKVLA,"['dentist', 'point_of_interest', 'doctor', 'health', 'establishment']"
ChIJnYe0nCHNvJUR_5XgNnX7gWo,"['point_of_interest', 'health', 'establishment']"
ChIJAQr28_DNvJURhZuXYKbLv2s,"['atm', 'finance', 'point_of_interest', 'establishment']"
ChIJ99QdZ__NvJURHpSz3PpFQq8,"['atm', 'finance', 'point_of_interest', 'establishment']"
ChIJnYe0nCHNvJUR8FTsmUMPi5o,"['point_of_interest', 'establishment']"
ChIJn5nU0tzNvJUR34hqWbiNoL4,"['point_of_interest', 'establishment']"
ChIJt2w1mSHNvJUR0thZtmTjsC8,"['point_of_interest', 'establishment']"
ChIJmV-47CHNvJURZk1RtKctYqw,"['cafe', 'food', 'point_of_interest', 'establishment']"
ChIJNVesniHNvJURYbUiTasYnJ4,"['parking', 'point_of_interest', 'establishment']"
ChIJURVW6yHNvJURmveN4_08Xvk,"['clothing_store', 'home_goods_store', 'store', 'point_of_interest', 'health', 'establishment']"
ChIJ1ajA5CLNvJURIRNMIuqd2vI,"['cafe', 'restaurant', 'food', 'store', 'point_of_interest', 'establishment']"
ChIJpZcLTCDNvJUR11bcprQqTn8,"['restaurant', 'food', 'point_of_interest', 'establishment']"
ChIJK5beyiHNvJURO0WX2yXRGKU,"['restaurant', 'food', 'point_of_interest', 'establishment']"
ChIJTZJaiB_NvJURJDUTQWtvE2A,"['lawyer', 'point_of_interest', 'establishment']"
ChIJe-pxeQDNvJURFq9v69dC8Os,"['accounting', 'finance', 'point_of_interest', 'establishment']"
ChIJcWDDxG3NvJUR6K4_O7093ZM,"['cafe', 'bar', 'restaurant', 'food', 'store', 'point_of_interest', 'establishment']"
ChIJQeAaFCbNvJUR8EuC_rBcvlg,"['point_of_interest', 'establishment']"
ChIJLa4XaDrNvJUR6vFAaVxLg3g,"['doctor', 'point_of_interest', 'health', 'establishment']"
ChIJo6fIShjNvJURxPTZmc0Vz3U,"['cafe', 'food', 'point_of_interest', 'establishment']"
ChIJg2ZvCu3NvJURAgUMq_K2mIo,"['store', 'point_of_interest', 'establishment']"
ChIJN167TOHNvJUR0Aymv-TC-Xw,"['restaurant', 'food', 'point_of_interest', 'establishment']"
ChIJ20nTpFzNvJURNXpdkPolI3Y,"['clothing_store', 'store', 'point_of_interest', 'establishment']"
ChIJ-3QQxlPNvJURw_1rB_n7TZU,"['bar', 'restaurant', 'food', 'point_of_interest', 'establishment']"
ChIJ6b0CXUDNvJURtJQaAcd8-q4,"['store', 'point_of_interest', 'establishment']"
ChIJq9FOxLnNvJURSFfkUxPbZQw,"['restaurant', 'food', 'point_of_interest', 'establishment']"
ChIJydOBLAHNvJURw4DVzksFMTc,"['restaurant', 'food', 'point_of_interest', 'establishment']"
ChIJr-QZxKfNvJURyr2G5Xr1Rh4,"['grocery_or_supermarket', 'store', 'food', 'health', 'point_of_interest', 'establishment']"
ChIJVTev1SHNvJURhUxKVTt_Ps4,"['beauty_salon', 'point_of_interest', 'establishment']"
ChIJcZBWRAjNvJURP6d3GT5navA,"['restaurant', 'food', 'point_of_interest', 'establishment']"
ChIJE7kGgR_NvJURZjNh1A4ruEU,"['school', 'point_of_interest', 'establishment']"
ChIJfcXjgx_NvJURUEcvXaP_y2o,"['school', 'point_of_interest', 'establishment']"
ChIJN6VbyiHNvJURi3As-tnnbss,"['point_of_interest', 'establishment']"
ChIJmTbRNiDNvJURdlHQXOKAUKo,"['point_of_interest', 'establishment']"
ChIJDVzVtiHNvJURVmx-CrGoKRc,"['pet_store', 'store', 'point_of_interest', 'establishment']"
ChIJIaQZNSDNvJURNwJK1nZ3eS0,"['bar', 'restaurant', 'point_of_interest', 'food', 'establishment']"
ChIJTUwDySHNvJURzNJxP7iU2EA,"['point_of_interest', 'establishment']"
ChIJTZJaiB_NvJURYsPqxDOkpXM,"['point_of_interest', 'establishment']"
ChIJfwYSySHNvJURFEXUfxhjQlo,"['clothing_store', 'point_of_interest', 'store', 'establishment']"
ChIJr8x3VyTNvJURtbOTJwQYjTE,"['beauty_salon', 'point_of_interest', 'establishment']"
ChIJceLcJSDNvJUR3oHIOpFGZjg,"['hair_care', 'point_of_interest', 'establishment']"
ChIJTZJaiB_NvJUREr8Hb6QIoAs,"['local_government_office', 'point_of_interest', 'establishment']"
ChIJ3fDAySHNvJURtJlmSKmRBck,"['clothing_store', 'point_of_interest', 'store', 'establishment']"
ChIJdRBkxkjNvJURlb61IyBNEr4,"['bar', 'restaurant', 'point_of_interest', 'food', 'establishment']"
ChIJTwjqNSDNvJURwGzENWu_9s0,"['point_of_interest', 'establishment']"
ChIJi4cveCLNvJUReaZWzYbWUdI,"['clothing_store', 'point_of_interest', 'store', 'establishment']"
ChIJ82zSNSDNvJURrmVwXbm3KHI,"['bar', 'restaurant', 'point_of_interest', 'food', 'establishment']"
ChIJyzcFvgfNvJURGr3bpbWTEwU,"['clothing_store', 'point_of_interest', 'store', 'establishment']"
ChIJ5UeDyCHNvJURzJpvZz5UJN4,"['bakery', 'point_of_interest', 'food', 'store', 'establishment']"
ChIJHYqtqCHNvJURilLmqCAfyio,"['shoe_store', 'store', 'point_of_interest', 'establishment']"
ChIJe1IRCT7NvJURBtg1NUX9m6Q,"['food', 'store', 'point_of_interest', 'establishment']"
ChIJ6Qd6ACHNvJURLpxBPwxNDIQ,"['point_of_interest', 'establishment']"
ChIJW2iVBwDNvJUREy6lFYUpBAY,"['food', 'store', 'point_of_interest', 'establishment']"
ChIJD6psuiHNvJURVmaeVNSeZz0,"['hair_care', 'health', 'point_of_interest', 'establishment']"
ChIJOaEQ5P_NvJURyVSUoHfPtqI,"['point_of_interest', 'establishment']"
ChIJfY7ENd7NvJURaFBu9yCu0Q4,"['restaurant', 'food', 'point_of_interest', 'establishment']"
ChIJr4ahtyHNvJURzIyBFu7bJww,"['health', 'point_of_interest', 'establishment']"
ChIJ2TIUuiHNvJURd2Pgh2AmEkA,"['grocery_or_supermarket', 'store', 'food', 'point_of_interest', 'establishment']"
ChIJcyGEfYnNvJURzNYiTJT0jC0,"['point_of_interest', 'health', 'establishment']"
ChIJsSJKqSHNvJURuwbzV9VXz9c,"['pharmacy', 'store', 'point_of_interest', 'health', 'establishment']"
ChIJo2rBtrHNvJURFms-kpzQLAY,"['shoe_store', 'store', 'point_of_interest', 'establishment']"
ChIJUZpAwM7NvJUR6hrF4iBxH3M,"['bakery', 'store', 'food', 'point_of_interest', 'establishment']"
ChIJL3rlVyrNvJUR4zKOH83g0ZY,"['beauty_salon', 'point_of_interest', 'establishment']"
ChIJpVFrriHNvJUR3jaowaJWiRk,"['drugstore', 'pharmacy', 'store', 'point_of_interest', 'health', 'establishment']"
ChIJl9NTqSHNvJUR7HkR17Ou2ZI,"['pharmacy', 'store', 'point_of_interest', 'health', 'establishment']"
ChIJwemtriHNvJURAFTpZa4wGr8,"['clothing_store', 'store', 'point_of_interest', 'establishment']"
ChIJ0zsapSHNvJURJeyBYKWBEk8,"['restaurant', 'food', 'point_of_interest', 'establishment']"
ChIJL-qOqyHNvJURA_L29qIXSnI,"['point_of_interest', 'health', 'establishment']"
ChIJv90dpSHNvJURGTt1D1xGXwU,"['bar', 'point_of_interest', 'establishment']"
ChIJLQnXriHNvJURrzuWnKS4_g0,"['transit_station', 'point_of_interest', 'establishment']"
ChIJlZp46ibNvJURVfebJikwa2U,"['store', 'point_of_interest', 'establishment']"
ChIJzayCMGfNvJURdrFoQbph1yk,"['point_of_interest', 'establishment']"
ChIJNzKDrCHNvJURpmTu4GF0rFE,"['book_store', 'home_goods_store', 'store', 'point_of_interest', 'establishment']"
ChIJB3FJ8JnNvJURysAjYoTDQrs,"['doctor', 'health', 'point_of_interest', 'establishment']"
ChIJqbM3uiHNvJUR9aQw55teSf8,"['general_contractor', 'real_estate_agency', 'point_of_interest', 'establishment']"
ChIJZ7vAdBrNvJURZ8wzxqRNvFY,"['dentist', 'health', 'point_of_interest', 'establishment']"
ChIJcxtHdlzKvJURzYwLlpYvccs,"['point_of_interest', 'store', 'establishment']"
ChIJkcbDSSDNvJURpwegHlraqkU,"['health', 'point_of_interest', 'establishment']"
ChIJs2D2uiHNvJURs6XXCrSxWqY,"['restaurant', 'point_of_interest', 'food', 'establishment']"
ChIJq6VmqyHNvJURX0WWgGlo8qI,"['point_of_interest', 'establishment']"
ChIJlbqWpCHNvJURxqVSit2_KN4,"['point_of_interest', 'establishment']"
ChIJWWsuuyHNvJURNVnSvvqpsAQ,"['beauty_salon', 'point_of_interest', 'establishment']"
ChIJozp7qyHNvJUR9bAawWh7Uac,"['point_of_interest', 'establishment']"
ChIJH80_HSDNvJURBs_4WxaOuKM,"['beauty_salon', 'point_of_interest', 'establishment']"
ChIJq8moPiDNvJURjNUn3xYWvYo,"['point_of_interest', 'establishment']"
ChIJ205JPiDNvJURGxlchjUiEmA,"['restaurant', 'point_of_interest', 'food', 'establishment']"
ChIJmS0yGyDNvJURuFiRjACQJ5k,"['hair_care', 'health', 'point_of_interest', 'establishment']"
ChIJQ97GDSDNvJUR0wnVrLe8Vyc,"['point_of_interest', 'establishment']"
ChIJl79UaiDNvJURC44PSAJdvWk,"['point_of_interest', 'establishment']"
ChIJG6iPDiDNvJUR9I1qexDOKPw,"['point_of_interest', 'establishment']"
ChIJ6W3gPSDNvJURReOL9E8hVE8,"['health', 'point_of_interest', 'establishment']"
ChIJF3LTfd_MvJUR9WAvRwmtwbk,"['night_club', 'bar', 'restaurant', 'point_of_interest', 'food', 'establishment']"
ChIJZZfGD3TNvJURSv_yJxV5FQY,"['point_of_interest', 'food', 'store', 'establishment']"
ChIJ7WU4re_NvJURzGiyhyyQQ5w,"['health', 'point_of_interest', 'store', 'establishment']"
ChIJH4bO20DNvJURgZcIYvd3LWU,"['point_of_interest', 'establishment']"
ChIJb3N0i8jNvJUR7EFY3MS-9pY,"['real_estate_agency', 'point_of_interest', 'establishment']"
ChIJW79zBenNvJURwruXUNI66Lw,"['restaurant', 'food', 'point_of_interest', 'establishment']"
ChIJYdozLdDNvJURUS460LtiTeE,"['restaurant', 'cafe', 'food', 'point_of_interest', 'establishment']"
ChIJE209VgDNvJURUhedCN2Naeg,"['restaurant', 'food', 'point_of_interest', 'establishment']"
ChIJ0T_ZECDNvJURjSsQmbDH_nc,"['lodging', 'point_of_interest', 'establishment']"
ChIJixzH_nbNvJURI235Vi02Gc0,"['food', 'point_of_interest', 'establishment']"
ChIJbeXrm_HNvJURcHAw1yqJRLk,"['bar', 'restaurant', 'food', 'point_of_interest', 'establishment']"
ChIJQy7YECDNvJURDogywQhTD9A,"['point_of_interest', 'establishment']"
ChIJfSDnHCDNvJURltdae_nG6B4,"['point_of_interest', 'establishment']"
ChIJA1Z-GyDNvJURhNS28FdAWTc,"['point_of_interest', 'establishment']"
ChIJBzCHhFbNvJURxJqEmgwBNBE,"['cafe', 'store', 'food', 'point_of_interest', 'establishment']"
ChIJI9PmXoTNvJURTE0v8LhGDbA,"['bar', 'restaurant', 'food', 'point_of_interest', 'establishment']"
ChIJiTQMyR3NvJURc8rBshUn4-o,"['dentist', 'health', 'point_of_interest', 'establishment']"
ChIJITDyw5TNvJUROX_ho3BjESg,"['parking', 'point_of_interest', 'establishment']"
ChIJQVZMESDNvJURkasvBjZqjEw,"['point_of_interest', 'establishment']"
ChIJnR_8OSDNvJUR2yoVSpBrB1E,"['point_of_interest', 'establishment']"
ChIJ5_W_GiDNvJURZEDwl-Lm_NU,"['store', 'point_of_interest', 'establishment']"
ChIJqY0c87HNvJURRCfYNijDERM,"['health', 'point_of_interest', 'establishment']"
ChIJ7UOmHCDNvJUR82EU-Bsi_Sg,"['point_of_interest', 'establishment']"
ChIJ3TE2FSDNvJURTdTdkAd_sSM,"['restaurant', 'food', 'point_of_interest', 'establishment']"
ChIJ00wxRrPNvJUR3BNwB45HAy8,"['real_estate_agency', 'point_of_interest', 'establishment']"
ChIJh1d46X3NvJURiQDN8vIt2vk,"['beauty_salon', 'point_of_interest', 'establishment']"
ChIJedcpSEnNvJUR_bo9m8f4_uw,"['point_of_interest', 'establishment']"
ChIJrTJHECDNvJUREoiFis1AJsE,"['point_of_interest', 'establishment']"
ChIJgZW8KwDNvJURMCatueLjE5E,"['restaurant', 'food', 'point_of_interest', 'establishment']"
ChIJC_t6Mt3NvJURDaaVfWimREc,"['liquor_store', 'store', 'point_of_interest', 'establishment']"
ChIJl08ECyzNvJUR7poWevvDRhc,"['meal_delivery', 'restaurant', 'food', 'point_of_interest', 'establishment']"
ChIJoagcYMTNvJUR-jNFjwUdASA,"['point_of_interest', 'establishment']"
ChIJD90ZAyDNvJUR7Pm2nkAFc8Q,"['food', 'store', 'point_of_interest', 'establishment']"
ChIJQxlyISLNvJURAfvPBPXEyUM,"['spa', 'point_of_interest', 'establishment']"
ChIJMZ_lyBzNvJURORa7m9gNxMQ,"['restaurant', 'food', 'point_of_interest', 'establishment']"
ChIJlZxJPyDNvJURjtUeK_8d3uY,"['bar', 'point_of_interest', 'establishment']"
ChIJ4ftjRzPNvJURyi4cDbdaX_0,"['restaurant', 'food', 'point_of_interest', 'establishment']"
ChIJ3-aPEyDNvJURE1bymuIyNmU,"['bar', 'point_of_interest', 'establishment']"
ChIJN-LyiR_NvJURFympepXIiD4,"['restaurant', 'food', 'point_of_interest', 'establishment']"
ChIJNw6T5B_NvJURxZl01NjAy4Q,"['point_of_interest', 'store', 'establishment']"
ChIJYceKayDNvJURQTc6ICl8cm0,"['point_of_interest', 'establishment']"
ChIJoZnxWSDNvJURKgZ6s5X5k9A,"['point_of_interest', 'furniture_store', 'home_goods_store', 'store', 'establishment']"
ChIJI3ToXSDNvJURlcKfL8cSoPE,"['point_of_interest', 'food', 'establishment']"
ChIJoxvLhiHNvJURBCHKFE1N_L0,"['point_of_interest', 'store', 'establishment']"
ChIJKZP6WSDNvJUR8TdfX62vIZU,"['health', 'point_of_interest', 'establishment']"
ChIJC4B0VCDNvJURaKmN7hcR8oU,"['point_of_interest', 'establishment']"
ChIJn0gCWiDNvJURNjmnxHFMwp8,"['furniture_store', 'point_of_interest', 'home_goods_store', 'store', 'establishment']"
ChIJs5vmTSDNvJUR7pb9_rt4q6o,"['finance', 'point_of_interest', 'establishment']"
ChIJJWPZWyDNvJURxxq7ES3IM_M,"['health', 'point_of_interest', 'store', 'establishment']"
ChIJYdMbXCDNvJURWe81hLH2IRM,"['point_of_interest', 'establishment']"
ChIJiQtTrR_NvJUR0QRcBm7-q1I,"['doctor', 'health', 'point_of_interest', 'establishment']"
ChIJs0rDXSDNvJURwFdFqcClMuw,"['point_of_interest', 'food', 'store', 'establishment']"
ChIJV7mrViDNvJURbUwAw2flG7c,"['point_of_interest', 'establishment']"
ChIJAXQ-FOzNvJURdoFKccN04OY,"['point_of_interest', 'establishment']"
ChIJUy9UWiDNvJURBTsu-4088eA,"['night_club', 'point_of_interest', 'establishment']"
ChIJ4724UCDNvJURjD0y0Z4A8wE,"['point_of_interest', 'grocery_or_supermarket', 'food', 'store', 'establishment']"
ChIJExppTiDNvJUR9ZPbPIOmRrU,"['finance', 'point_of_interest', 'establishment']"
ChIJLQXeZFfNvJUR3i71We0lQHI,"['local_government_office', 'point_of_interest', 'establishment']"
ChIJMdsTlx_VvJURcoo_K1RXkBo,"['school', 'point_of_interest', 'establishment']"
ChIJYUOpUCDNvJUR8j386ajT48o,"['clothing_store', 'point_of_interest', 'store', 'establishment']"
ChIJ2wTq-b7NvJUReTdRDl9lH9Y,"['point_of_interest', 'establishment']"
ChIJscHE3GjNvJURU1ZMQ57D4Jk,"['bar', 'point_of_interest', 'establishment']"
ChIJXarXWyDNvJURy4DutlHCFPI,"['point_of_interest', 'establishment']"
ChIJYz90Xa_NvJUR0Oq9oAKHNM0,"['bar', 'restaurant', 'point_of_interest', 'food', 'establishment']"
ChIJVZ0eSSDNvJURQI0IYECm8kQ,"['store', 'food', 'point_of_interest', 'establishment']"
ChIJwQz5WyDNvJURLnRpYTAY-ss,"['store', 'point_of_interest', 'establishment']"
ChIJr_1CpDfNvJURTG4lVgA8Afo,"['store', 'point_of_interest', 'establishment']"
ChIJBV23aiDNvJURRFv4zD7stRo,"['beauty_salon', 'point_of_interest', 'establishment']"
ChIJU-2qI9zMvJUR0td1W5BWMXM,"['electronics_store', 'store', 'point_of_interest', 'establishment']"
ChIJ4724UCDNvJURoN-LnboR91A,"['store', 'food', 'point_of_interest', 'establishment']"
ChIJeSE9aCDNvJURjhyGZv_Y7LE,"['school', 'point_of_interest', 'establishment']"
ChIJGeVwmyHNvJURVwiIfXDytjU,"['store', 'point_of_interest', 'establishment']"
ChIJQcdoUSDNvJURFysHm2qYQUc,"['point_of_interest', 'establishment']"
ChIJ_y59USDNvJURpaHXLssEGUU,"['store', 'food', 'point_of_interest', 'establishment']"
ChIJudDG7vfNvJURYfeEzwwpzvU,"['meal_takeaway', 'restaurant', 'food', 'point_of_interest', 'establishment']"
ChIJIRsTaCDNvJURgNilODjnaYA,"['transit_station', 'point_of_interest', 'establishment']"
ChIJS_m-F-bNvJURXVI7Wz1CLi4,"['health', 'point_of_interest', 'establishment']"
ChIJAdMUSCDNvJURvcIRhH3V1OU,"['transit_station', 'point_of_interest', 'establishment']"
ChIJFx6gXiDNvJURwjS62HLmVkw,"['point_of_interest', 'establishment']"
ChIJD14TWSDNvJURnIxqk6Fd7DY,"['transit_station', 'point_of_interest', 'establishment']"
ChIJuxG5XSDNvJURNzZnovCIZXc,"['bicycle_store', 'store', 'point_of_interest', 'establishment']"
ChIJzUeU2x7NvJURmJHJ5UHgaOQ,"['furniture_store', 'home_goods_store', 'point_of_interest', 'store', 'establishment']"
ChIJXVvR-d_MvJURlpwiCqfou3w,"['accounting', 'finance', 'point_of_interest', 'establishment']"
ChIJi8VVr4fNvJURCxzTqy_iavs,"['health', 'point_of_interest', 'establishment']"
ChIJu4EiRtfNvJUR7qR_10tn14w,"['health', 'point_of_interest', 'establishment']"
ChIJkeV_rDvNvJURyREzDRYBFC4,"['health', 'point_of_interest', 'establishment']"
ChIJJzcwqzfNvJURdQgeK81B4CA,"['point_of_interest', 'store', 'establishment']"
ChIJ0e2FCgDNvJURyVYTN19QGTA,"['beauty_salon', 'point_of_interest', 'establishment']"
ChIJCwSQoZrNvJURiHPsUOrpeDQ,"['bar', 'point_of_interest', 'establishment']"
ChIJi28-AC7NvJURwH3-hEBB4a0,"['point_of_interest', 'establishment']"
ChIJxxf3eHjNvJUR6OjynlgpeB8,"['doctor', 'health', 'point_of_interest', 'establishment']"
ChIJ8SaEgFPNvJUR3IXjfPteLgs,"['doctor', 'health', 'point_of_interest', 'establishment']"
ChIJu1NmU03NvJURjN4tT1iRaFA,"['point_of_interest', 'health', 'establishment']"
ChIJt3aq_DbNvJURsSgInIbeGKg,"['hospital', 'point_of_interest', 'health', 'establishment']"
ChIJyaXVX3TNvJUREzcBa89kDIE,"['point_of_interest', 'establishment']"
ChIJa4IrSnXNvJURQUeRHyh0Yb8,"['real_estate_agency', 'point_of_interest', 'establishment']"
ChIJ0bjiOADNvJURq_-QuKgfIH4,"['store', 'point_of_interest', 'establishment']"
ChIJlS60AhjNvJURotl5cuuwgVM,"['point_of_interest', 'establishment']"
ChIJK5wu3d_MvJURIgAu0tE2G3s,"['point_of_interest', 'establishment']"
ChIJQ4iMRwDNvJURYblPjHB_uJM,"['restaurant', 'food', 'point_of_interest', 'establishment']"
ChIJG3QD2HHNvJURinM0W-yeQaw,"['point_of_interest', 'establishment']"
ChIJ6-Qde8LNvJURVLfbWSiBcak,"['real_estate_agency', 'point_of_interest', 'establishment']"
ChIJazzvUhXNvJURAHpysPRVsUA,"['beauty_salon', 'point_of_interest', 'establishment']"
ChIJl6bwmhLNvJURcN1cf4Ff8HE,"['point_of_interest', 'health', 'establishment']"
ChIJVxyds4bNvJURDJcJxF_KHX8,"['point_of_interest', 'establishment']"
ChIJ1d04-t_MvJURNlaMXIu2sO0,"['local_government_office', 'point_of_interest', 'establishment']"
ChIJEyPF-9_MvJURvFy17ftvmWQ,"['real_estate_agency', 'point_of_interest', 'establishment']"
ChIJd8tpB-DMvJURHfWzMj1fRBI,"['grocery_or_supermarket', 'store', 'food', 'point_of_interest', 'establishment']"
ChIJo5j2EiDNvJURrY_lr6W88uM,"['real_estate_agency', 'point_of_interest', 'establishment']"
ChIJlVMMEgDNvJURnYbQzIyJoMI,"['real_estate_agency', 'point_of_interest', 'establishment']"
ChIJyRXUEyDNvJURUE6XcNNDrQA,"['real_estate_agency', 'point_of_interest', 'establishment']"
ChIJ92ObVRrNvJURFArasJh_rxE,"['restaurant', 'food', 'point_of_interest', 'establishment']"
ChIJXwjcA5PNvJURLstWLQk8jtE,"['shopping_mall', 'point_of_interest', 'establishment']"
ChIJGzYYZCDNvJURzyNNAPkvUwg,"['real_estate_agency', 'point_of_interest', 'establishment']"
ChIJlbyTAEzMvJURZzZ4JjUL2bM,"['home_goods_store', 'store', 'point_of_interest', 'establishment']"
ChIJyQj5YiDNvJUR_s8xh6W-df0,"['local_government_office', 'point_of_interest', 'establishment']"
ChIJMxuNiN_MvJURDwyxEbKvrpQ,"['local_government_office', 'point_of_interest', 'establishment']"
ChIJLxuNiN_MvJUR09ZDQJtN1yg,"['local_government_office', 'point_of_interest', 'establishment']"
ChIJjzxdfiDNvJURj-DTBrkj4e8,"['doctor', 'health', 'point_of_interest', 'establishment']"
ChIJVyPVeSDNvJURpr04tIQzBYY,"['point_of_interest', 'establishment']"
ChIJAQDEeiDNvJURe-WGhZokH58,"['point_of_interest', 'establishment']"
ChIJS0-sZSDNvJUR69oTMI0inEA,"['restaurant', 'food', 'point_of_interest', 'establishment']"
ChIJ10JayGXNvJURKC-iu9P1PhA,"['beauty_salon', 'point_of_interest', 'establishment']"
ChIJa7EHZSDNvJURez_V63gEKxE,"['bakery', 'food', 'point_of_interest', 'store', 'establishment']"
ChIJRfUM8OnNvJURyBs6jAk9Z_o,"['hair_care', 'health', 'point_of_interest', 'establishment']"
ChIJ5_hIeiDNvJURcRJFLke4Gqg,"['clothing_store', 'point_of_interest', 'store', 'establishment']"
ChIJD2zklufNvJURF014RQMDahM,"['point_of_interest', 'establishment']"
ChIJj3EQeyDNvJURBYkD7eTzYUM,"['grocery_or_supermarket', 'food', 'point_of_interest', 'store', 'establishment']"
ChIJFZUbEb7NvJURVaBwAdYGi3M,"['hair_care', 'health', 'point_of_interest', 'establishment']"
ChIJAQsgYRjNvJURfYlOdZ67JuY,"['bakery', 'food', 'point_of_interest', 'store', 'establishment']"
ChIJtyLVeSDNvJURo23MDP14M8k,"['point_of_interest', 'establishment']"
ChIJwadgZiDNvJUR0EBnUnl0cQc,"['point_of_interest', 'store', 'establishment']"
ChIJ5UC0Np7NvJURw5NgrCAYlCc,"['bar', 'point_of_interest', 'establishment']"
ChIJXTj13ADNvJUR1GX6pym662E,"['point_of_interest', 'establishment']"
ChIJOxTU9F3NvJURHJZZcPID9fw,"['food', 'point_of_interest', 'store', 'establishment']"
ChIJHWVseiDNvJURPCpCWK8K41Q,"['finance', 'point_of_interest', 'establishment']"
ChIJfQblYyDNvJURmmwZFW02Ckk,"['transit_station', 'point_of_interest', 'establishment']"
ChIJk5RieSDNvJURZvaUcjOp1To,"['finance', 'point_of_interest', 'establishment']"
ChIJIff1dSDNvJURD7DWgbwK6Gk,"['point_of_interest', 'establishment']"
ChIJtz5ryyHNvJURIRCJgA5QFKM,"['laundry', 'point_of_interest', 'establishment']"
ChIJT-LafDrNvJURM6u9HK2vb-U,"['grocery_or_supermarket', 'store', 'food', 'point_of_interest', 'establishment']"
ChIJu2x7mW7NvJURyl0Lwg0o2YY,"['store', 'food', 'point_of_interest', 'establishment']"
ChIJ8X0Gh5bNvJURGyNcN1t1h3A,"['store', 'point_of_interest', 'establishment']"
ChIJmyr_RgDNvJURoFWAZSNHhfI,"['beauty_salon', 'point_of_interest', 'establishment']"
ChIJgXcUit_MvJURRO1rIpQfUzU,"['point_of_interest', 'establishment']"
ChIJKwTq0zPNvJURghe1ICvWBNw,"['restaurant', 'food', 'point_of_interest', 'establishment']"
ChIJ15C2ZiDNvJURzYt00xIZybU,"['point_of_interest', 'establishment']"
ChIJL-xqid_MvJURTPb0G6XhPCM,"['point_of_interest', 'establishment']"
ChIJ_zyUeyDNvJURvongODUCaiM,"['point_of_interest', 'establishment']"
ChIJk0IjYyDNvJURvBst2UwzvE8,"['courthouse', 'local_government_office', 'point_of_interest', 'establishment']"
ChIJM7zcXSDNvJURE-mOTbD-54U,"['point_of_interest', 'establishment']"
ChIJv7iCCb3NvJURgxFMtelPpsQ,"['atm', 'finance', 'point_of_interest', 'establishment']"
ChIJlZDdaHTNvJURW6PMPgsKpdM,"['atm', 'finance', 'point_of_interest', 'establishment']"
ChIJYe3t8wHNvJUR0rQNWNagKOc,"['bakery', 'food', 'store', 'point_of_interest', 'establishment']"
ChIJf8sSpBjNvJURX2thk5uA_Uk,"['bakery', 'food', 'store', 'point_of_interest', 'establishment']"
ChIJbaBheCHNvJUR7S-FWbQ_VbA,"['bakery', 'food', 'store', 'point_of_interest', 'establishment']"
ChIJSYlm4yLNvJUR2rsTZ5Zd0uI,"['bank', 'finance', 'point_of_interest', 'establishment']"
ChIJPcadFgfNvJURgvCv3jP9sXU,"['bank', 'finance', 'point_of_interest', 'establishment']"
ChIJjbp2IXrNvJURr2rXDYfKGWc,"['bank', 'finance', 'point_of_interest', 'establishment']"
ChIJhe-ApyHNvJURGTTy2i11n6c,"['bank', 'finance', 'point_of_interest', 'establishment']"
ChIJ7e_tDSvNvJURDPMdf8wUlYc,"['bar', 'restaurant', 'point_of_interest', 'food', 'establishment']"
ChIJK9jsMQDNvJURA5rkkl7qqOE,"['bar', 'point_of_interest', 'establishment']"
ChIJw3Tx8FzNvJUR43_GHQjL4GM,"['bar', 'point_of_interest', 'establishment']"
ChIJCY100ZfNvJUR1-k1Vi9OxuI,"['liquor_store', 'bar', 'restaurant', 'point_of_interest', 'food', 'store', 'establishment']"
ChIJ1-SHiivNvJURefo7prA6t6E,"['bar', 'point_of_interest', 'establishment']"
ChIJkzBikyXNvJURfCa8SdKO6R8,"['bar', 'restaurant', 'food', 'point_of_interest', 'establishment']"
ChIJQ_qGJfPNvJURWSknSJ7nGF8,"['bar', 'restaurant', 'food', 'point_of_interest', 'establishment']"
ChIJ37V3WSDNvJUR5egcOfe6rE8,"['bar', 'night_club', 'point_of_interest', 'establishment']"
ChIJe2M-VWHNvJUR1AJzXR3wMpM,"['hair_care', 'beauty_salon', 'point_of_interest', 'doctor', 'health', 'establishment']"
ChIJTVCCLffLvJURym12kV9T_e0,"['beauty_salon', 'point_of_interest', 'establishment']"
ChIJL55BNHfNvJUR9j_EthwvLMk,"['beauty_salon', 'point_of_interest', 'establishment']"
ChIJRyzt6ILNvJURdN3ZPxtqll0,"['beauty_salon', 'point_of_interest', 'establishment']"
ChIJgaSD093NvJUR1AfpQJV2eZU,"['beauty_salon', 'point_of_interest', 'establishment']"
ChIJ2-7NqqvNvJURaZSS-ywB5R4,"['beauty_salon', 'hair_care', 'point_of_interest', 'establishment']"
ChIJdd11WOzSvJURsMZSfuBGoL0,"['beauty_salon', 'hair_care', 'point_of_interest', 'establishment']"
ChIJOXkmz3LNvJURI8oCyHI8ks0,"['beauty_salon', 'hair_care', 'health', 'point_of_interest', 'establishment']"
ChIJW9TqedLNvJURVugIkzLYP-Y,"['book_store', 'store', 'point_of_interest', 'establishment']"
ChIJi47jXyLNvJUR9PRW9cEqlRs,"['grocery_or_supermarket', 'book_store', 'store', 'food', 'point_of_interest', 'establishment']"
ChIJsxW7VSLNvJURUqHHf8XFsxU,"['convenience_store', 'book_store', 'food', 'point_of_interest', 'store', 'establishment']"
ChIJ-QTMfh_NvJUR1SImxQMnrEE,"['book_store', 'home_goods_store', 'store', 'point_of_interest', 'establishment']"
ChIJcx4DoiHNvJURMCuKoA2OWp4,"['book_store', 'store', 'point_of_interest', 'establishment']"
ChIJr5S2iiLNvJUR6aQxyD9ck0Y,"['cafe', 'point_of_interest', 'food', 'store', 'establishment']"
ChIJi6Li9CLNvJURxykCwYIcIUs,"['cafe', 'store', 'food', 'point_of_interest', 'establishment']"
ChIJWapcbQDNvJUR9ltrhLDmvnc,"['cafe', 'store', 'food', 'point_of_interest', 'establishment']"
ChIJXxKcQADNvJURkzC36NPS5HE,"['cafe', 'store', 'food', 'point_of_interest', 'establishment']"
ChIJxVfFIgDNvJURiAhoYie-RzM,"['cafe', 'food', 'point_of_interest', 'establishment']"
ChIJ0eAu9SDNvJURk2AiXuLvBK8,"['cafe', 'meal_takeaway', 'restaurant', 'point_of_interest', 'food', 'establishment']"
ChIJUYFOU5bNvJURd-UI5FDf6Wo,"['car_rental', 'point_of_interest', 'establishment']"
ChIJwwxPniHNvJUR1UdBSiIXIuQ,"['car_repair', 'point_of_interest', 'establishment']"
ChIJpU2-DCLNvJURXJN19CtbMHk,"['clothing_store', 'store', 'point_of_interest', 'establishment']"
ChIJswYI7ebNvJURxnAi_M9SoH8,"['clothing_store', 'store', 'point_of_interest', 'establishment']"
ChIJBTHTZvjNvJURAzCO6mUeNRc,"['clothing_store', 'store', 'point_of_interest', 'establishment']"
ChIJkXLlZyLNvJURZl_EpMIRImM,"['clothing_store', 'store', 'point_of_interest', 'establishment']"
ChIJy1PTtB3NvJURXZEBaow3MGs,"['clothing_store', 'store', 'point_of_interest', 'establishment']"
ChIJm9TV1QPNvJURvByYhRHCBQs,"['clothing_store', 'store', 'point_of_interest', 'establishment']"
ChIJqw5-G8fNvJUREOc9yZy6PIs,"['clothing_store', 'store', 'point_of_interest', 'establishment']"
ChIJ25PpbCLNvJURi1JMZZumVu8,"['clothing_store', 'store', 'point_of_interest', 'establishment']"
ChIJD6HAJ2HHvJURCKOQ-d-fkyA,"['clothing_store', 'store', 'point_of_interest', 'establishment']"
ChIJ05tRfiLNvJURQAtqpBzd2Og,"['clothing_store', 'store', 'point_of_interest', 'establishment']"
ChIJiUj6iiLNvJURUwJJPeGJ6TE,"['clothing_store', 'store', 'point_of_interest', 'establishment']"
ChIJ1cp9iSLNvJURiP746uSB1dE,"['clothing_store', 'store', 'point_of_interest', 'establishment']"
ChIJbdPfgxjNvJURByeudDv4rUE,"['clothing_store', 'store', 'point_of_interest', 'establishment']"
ChIJ37j7aiLNvJUR9El959fxQ44,"['clothing_store', 'store', 'point_of_interest', 'establishment']"
ChIJIfBhhyLNvJURgJNeZRiEOG8,"['clothing_store', 'store', 'point_of_interest', 'establishment']"
ChIJV2RFiCLNvJURgkYa9heTx8Y,"['clothing_store', 'store', 'point_of_interest', 'establishment']"
ChIJbZxsqCvNvJUR3MiK9Q3XWwc,"['clothing_store', 'store', 'point_of_interest', 'establishment']"
ChIJl9eQoBjNvJURvadbzTAdB5c,"['clothing_store', 'store', 'point_of_interest', 'establishment']"
ChIJJRTEO5rNvJURT2DZ_vUZC7w,"['clothing_store', 'store', 'point_of_interest', 'establishment']"
ChIJS_wAmIzNvJUR2ItNwp0BPYs,"['clothing_store', 'store', 'point_of_interest', 'establishment']"
ChIJg-h7MxTKvJURRPmbYnIioQw,"['clothing_store', 'store', 'point_of_interest', 'establishment']"
ChIJsck8gSLNvJURqbn39GsxWGU,"['clothing_store', 'store', 'point_of_interest', 'establishment']"
ChIJe8nenx_NvJURdIUMuLLLhmc,"['clothing_store', 'store', 'point_of_interest', 'establishment']"
ChIJxYwRq-jNvJURo8BJ9m5_YbE,"['clothing_store', 'store', 'point_of_interest', 'establishment']"
ChIJ5RS8jxjNvJURbe6ZjGV2Yd8,"['clothing_store', 'store', 'point_of_interest', 'establishment']"
ChIJv-rAiyLNvJUR0pJLFP-cJvE,"['clothing_store', 'store', 'point_of_interest', 'establishment']"
ChIJtVDUiyLNvJUR1hmnMe-aMBc,"['clothing_store', 'store', 'point_of_interest', 'establishment']"
ChIJwTEGEdvNvJURXhtc-aoAZfA,"['clothing_store', 'store', 'point_of_interest', 'establishment']"
ChIJxeidiyLNvJURewETuNWtNJM,"['clothing_store', 'store', 'point_of_interest', 'establishment']"
ChIJ_Vmc9SLNvJURwH9YHwRyo1Q,"['clothing_store', 'store', 'point_of_interest', 'establishment']"
ChIJtYzGCgDNvJURTqzyH68uo6c,"['clothing_store', 'store', 'point_of_interest', 'establishment']"
ChIJNe-79iLNvJURGSaKWfrF5v8,"['clothing_store', 'store', 'point_of_interest', 'establishment']"
ChIJCXox9CLNvJURJoe4iLQP2r0,"['clothing_store', 'store', 'point_of_interest', 'establishment']"
ChIJ-Q4NVSLNvJURxT00O4GuRfk,"['shopping_mall', 'clothing_store', 'store', 'point_of_interest', 'establishment']"
ChIJ8zSfsdbNvJURiYdxYdOiUZE,"['clothing_store', 'store', 'point_of_interest', 'establishment']"
ChIJgwcyY67NvJURiE2vfuIGD_0,"['clothing_store', 'home_goods_store', 'store', 'point_of_interest', 'establishment']"
ChIJMe6EVSLNvJUR3Vq8M0XkNlI,"['clothing_store', 'store', 'point_of_interest', 'establishment']"
ChIJd4OPUyLNvJURw1Oin1aDWa8,"['clothing_store', 'store', 'point_of_interest', 'establishment']"
ChIJg3ouSUbNvJURoPYbDlC_FVw,"['clothing_store', 'store', 'point_of_interest', 'establishment']"
ChIJfWqV7H3NvJUR4GlKIBOJxe0,"['clothing_store', 'store', 'point_of_interest', 'establishment']"
ChIJrauvTyLNvJURGtAxDd3PqQU,"['clothing_store', 'store', 'point_of_interest', 'establishment']"
ChIJbYw6iUHNvJURn7nbQ1CfMhs,"['clothing_store', 'store', 'point_of_interest', 'establishment']"
ChIJ0UCo_yLNvJURioxwqBFruGE,"['pharmacy', 'drugstore', 'clothing_store', 'health', 'store', 'point_of_interest', 'establishment']"
ChIJIUqv8SLNvJURC1TgSoSY2GI,"['clothing_store', 'store', 'point_of_interest', 'establishment']"
ChIJf_mZ5CLNvJURTJKBD6RoXEs,"['clothing_store', 'store', 'point_of_interest', 'establishment']"
ChIJv5ifhx3NvJURCGBPKrQKSk0,"['clothing_store', 'store', 'point_of_interest', 'establishment']"
ChIJIdWXiyLNvJURxd0fM8plfrE,"['clothing_store', 'store', 'point_of_interest', 'establishment']"
ChIJoTa20rHNvJURyXHt6DD0kSc,"['clothing_store', 'store', 'point_of_interest', 'establishment']"
ChIJXXCMMyLNvJURI5sw3wuD0no,"['clothing_store', 'store', 'point_of_interest', 'establishment']"
ChIJkdmnMyLNvJUR-HRec6lNLs4,"['clothing_store', 'store', 'point_of_interest', 'establishment']"
ChIJ7WllyyPNvJURgAXCV7JDKkE,"['clothing_store', 'store', 'point_of_interest', 'establishment']"
ChIJ2RumKyLNvJURWgb6frbUijY,"['clothing_store', 'store', 'point_of_interest', 'establishment']"
ChIJb3It1SPNvJURRmLy-LH7UfY,"['clothing_store', 'store', 'point_of_interest', 'establishment']"
ChIJcQbDKjTNvJURsEvVXqb6OIo,"['clothing_store', 'point_of_interest', 'store', 'establishment']"
ChIJ3-vaXR3NvJUREjk-7iu6jp4,"['clothing_store', 'store', 'point_of_interest', 'establishment']"
ChIJ89zOqhbNvJURB8WIqwv3PF0,"['convenience_store', 'store', 'food', 'point_of_interest', 'establishment']"
ChIJT03cQSLNvJURdUOjZirrtIU,"['electronics_store', 'home_goods_store', 'store', 'point_of_interest', 'establishment']"
ChIJ_WVBhSLNvJUR9BhDtwnGiyE,"['furniture_store', 'home_goods_store', 'general_contractor', 'store', 'point_of_interest', 'establishment']"
ChIJd7I1IQDNvJURT0p8DqXu7Vc,"['gym', 'point_of_interest', 'health', 'establishment']"
ChIJUTJopjjNvJUR7l4yh2Amivo,"['gym', 'health', 'point_of_interest', 'establishment']"
ChIJNbY9pyHNvJUR5ji4Tduw1zk,"['gym', 'point_of_interest', 'health', 'establishment']"
ChIJXZDg9yDNvJURo0uljr7Y43A,"['gym', 'health', 'point_of_interest', 'establishment']"
ChIJ534wUADNvJURM5thwy1tMzc,"['gym', 'point_of_interest', 'health', 'establishment']"
ChIJaYpxoBjNvJURHPOLTo7MmFE,"['hair_care', 'health', 'point_of_interest', 'establishment']"
ChIJ-Y7oV2_NvJUR2LT54wNrqv0,"['hair_care', 'point_of_interest', 'establishment']"
ChIJ-YKheiDNvJURTKwdkDbNSU0,"['hair_care', 'health', 'point_of_interest', 'establishment']"
ChIJQeqv9SLNvJURcf99gzlFLFc,"['hair_care', 'point_of_interest', 'establishment']"
ChIJPYwUJi01o5UROGgsRzc3Pq4,"['hair_care', 'point_of_interest', 'establishment']"
ChIJx783MiLNvJUR7Q9-k1Mn_q0,"['hair_care', 'point_of_interest', 'establishment']"
ChIJBVvs_bLLvJUR0sW86lhgqeQ,"['hair_care', 'point_of_interest', 'establishment']"
ChIJ0RNno6nNvJURg00vyg4yD5I,"['hair_care', 'health', 'point_of_interest', 'establishment']"
ChIJNzQC8yLNvJUR4VMN32KaTxc,"['hardware_store', 'store', 'point_of_interest', 'establishment']"
ChIJ_4jXgRjNvJURVVJHtDAFwAI,"['home_goods_store', 'point_of_interest', 'store', 'establishment']"
ChIJFWU0iiLNvJUR7PVbuTW6s_c,"['home_goods_store', 'point_of_interest', 'store', 'establishment']"
ChIJ5QVLRCLNvJURMpCo0MiR2Dc,"['home_goods_store', 'point_of_interest', 'store', 'establishment']"
ChIJjeDyWE3NvJURUKw1miYQOxU,"['home_goods_store', 'point_of_interest', 'store', 'establishment']"
ChIJURAS8CLNvJURC2sBt1IrjdQ,"['home_goods_store', 'point_of_interest', 'store', 'establishment']"
ChIJNf06RiLNvJURbkvbiX-BBno,"['point_of_interest', 'home_goods_store', 'store', 'establishment']"
ChIJo-hhLCLNvJURuUr_KEf54Ho,"['home_goods_store', 'store', 'point_of_interest', 'establishment']"
ChIJpZUxoEPNvJURPnFHPpxDdCE,"['home_goods_store', 'store', 'point_of_interest', 'establishment']"
ChIJEbFWBVvNvJUREhXmtXI7Rtk,"['jewelry_store', 'store', 'point_of_interest', 'establishment']"
ChIJ5WF0fiLNvJURF2PXhlFYnWY,"['jewelry_store', 'store', 'point_of_interest', 'establishment']"
ChIJLyOoiSLNvJUR50UIdCdT4hc,"['jewelry_store', 'store', 'point_of_interest', 'establishment']"
ChIJ5QVLRCLNvJURqFPvdzrAzlI,"['jewelry_store', 'store', 'point_of_interest', 'establishment']"
ChIJc6tmVCLNvJURxrRqwfIJV4g,"['jewelry_store', 'store', 'point_of_interest', 'establishment']"
ChIJu766kjjNvJURK8a8GtRaDDU,"['jewelry_store', 'store', 'point_of_interest', 'establishment']"
ChIJhZN6QSLNvJURCrgF-fOxJYc,"['laundry', 'point_of_interest', 'establishment']"
ChIJa-lJ2D8to5URKVfE0LN2RYY,"['meal_takeaway', 'restaurant', 'food', 'point_of_interest', 'establishment']"
ChIJ29WMfQDNvJURvfZYiUEOvVA,"['night_club', 'point_of_interest', 'establishment']"
ChIJAwaPXpXNvJURGlZC8sWKxcc,"['night_club', 'point_of_interest', 'establishment']"
ChIJVVzP8CLNvJURqynSyPgK3uk,"['parking', 'point_of_interest', 'establishment']"
ChIJ_17fyBjNvJURdxG2m0PNUKY,"['pet_store', 'store', 'food', 'point_of_interest', 'establishment']"
ChIJIfE0bjXNvJURhmRb7lcSB-A,"['pharmacy', 'store', 'point_of_interest', 'health', 'establishment']"
ChIJ7YbyoBjNvJURPnpjenLAE64,"['pharmacy', 'store', 'point_of_interest', 'health', 'establishment']"
ChIJHYIFMiLNvJUR5ZooKNFuPws,"['pharmacy', 'store', 'point_of_interest', 'health', 'establishment']"
ChIJeaBXMiLNvJUR9LlruaBpWpI,"['pharmacy', 'store', 'point_of_interest', 'health', 'establishment']"
ChIJ9djGMiLNvJURguSqzULhYbE,"['pharmacy', 'store', 'point_of_interest', 'health', 'establishment']"
ChIJhVt_yAnNvJURpo4Ye0J4cac,"['real_estate_agency', 'point_of_interest', 'establishment']"
ChIJo_NXmiLNvJURd2NAnWoArPg,"['real_estate_agency', 'point_of_interest', 'establishment']"
ChIJY58dfbHNvJUR9MdOayqC-KI,"['real_estate_agency', 'point_of_interest', 'establishment']"
ChIJ6w4cVCDNvJUR-e9xcUivAzE,"['real_estate_agency', 'point_of_interest', 'establishment']"
ChIJmw1j_yDNvJURtK3R0TlTytk,"['real_estate_agency', 'point_of_interest', 'establishment']"
ChIJ9YDa9N_MvJUResKwzD8FdhU,"['real_estate_agency', 'point_of_interest', 'establishment']"
ChIJN0h-_yLNvJURVLRs8GapfkM,"['restaurant', 'food', 'point_of_interest', 'establishment']"
ChIJ0UCo_yLNvJURI4na-f21WlA,"['restaurant', 'food', 'point_of_interest', 'establishment']"
ChIJob8FKADNvJUR2tASyzcLvSk,"['restaurant', 'food', 'point_of_interest', 'establishment']"
ChIJXZj84iLNvJUR7dfOVMBsoJ0,"['restaurant', 'food', 'point_of_interest', 'establishment']"
ChIJeaiESyLNvJURfV-Rn3gL80U,"['restaurant', 'food', 'point_of_interest', 'establishment']"
ChIJLbM__6nNvJUR6DEV3eNa_AM,"['restaurant', 'food', 'point_of_interest', 'establishment']"
ChIJvQql8s7NvJUR8Dj2K8O8hfA,"['restaurant', 'food', 'point_of_interest', 'establishment']"
ChIJM2DMOPzNvJURF9P5oN5QgTk,"['restaurant', 'point_of_interest', 'food', 'establishment']"
ChIJc0BIl-jNvJURC56kIGJAENc,"['restaurant', 'point_of_interest', 'food', 'establishment']"
ChIJ_-s_diHNvJUREMT5ih_JuCw,"['store', 'restaurant', 'food', 'point_of_interest', 'establishment']"
ChIJyc9dUYbNvJURjxMyw2wknLw,"['restaurant', 'food', 'point_of_interest', 'establishment']"
ChIJz3tSqzXNvJURAhdqitC_yto,"['restaurant', 'point_of_interest', 'food', 'establishment']"
ChIJK419GJjNvJURRVDp2FSGGz4,"['shoe_store', 'store', 'point_of_interest', 'establishment']"
ChIJCQJdfiLNvJURuSC6hjMDYMA,"['shoe_store', 'store', 'point_of_interest', 'establishment']"
ChIJbx9uiCLNvJURqRtOzmHPp3E,"['shoe_store', 'store', 'point_of_interest', 'establishment']"
ChIJR0LvfCLNvJURN7LpfqzmarQ,"['shoe_store', 'store', 'point_of_interest', 'establishment']"
ChIJrQcOQSLNvJURkbIvPVJ938Y,"['shoe_store', 'store', 'point_of_interest', 'establishment']"
ChIJ2V6MXwnNvJURtk1at4ZP_WQ,"['shoe_store', 'point_of_interest', 'store', 'establishment']"
ChIJU2Jh_iLNvJURB7YuYnCDfRM,"['shoe_store', 'point_of_interest', 'store', 'establishment']"
ChIJzYVG8CLNvJURjY7x6uj0Wzs,"['shoe_store', 'point_of_interest', 'store', 'establishment']"
ChIJ-3-NtCPNvJUR92iKdMgv71o,"['shoe_store', 'store', 'point_of_interest', 'establishment']"
ChIJM2Ezx6rNvJURJPoGZ2PxAIA,"['shopping_mall', 'point_of_interest', 'establishment']"
ChIJo6I7OwDNvJURISPoGHvDIbM,"['shopping_mall', 'point_of_interest', 'establishment']"
ChIJR_--OQfNvJURvr4itv843Q4,"['shopping_mall', 'point_of_interest', 'establishment']"
ChIJoaPPehfNvJUROQY8EQjGsAU,"['store', 'point_of_interest', 'establishment']"
ChIJL6A4WH_NvJURnRtxzaqsw40,"['store', 'food', 'point_of_interest', 'establishment']"
ChIJBz_yfSLNvJURHQxHwjP53pc,"['store', 'point_of_interest', 'establishment']"
ChIJR5n1AnPNvJURKIMG9ppQ6Ew,"['store', 'point_of_interest', 'establishment']"
ChIJP9ZmXiLNvJURm1wQe_GJROA,"['store', 'health', 'point_of_interest', 'establishment']"
ChIJuac0EyLNvJURbFAs125N95Q,"['point_of_interest', 'food', 'store', 'establishment']"
ChIJo8XBsJjNvJURQvyYKrRdlSQ,"['health', 'point_of_interest', 'store', 'establishment']"
ChIJZ5l26L_NvJUR6RiF11i49xU,"['point_of_interest', 'store', 'establishment']"
ChIJF7b6XyLNvJURIExZENjO9jk,"['health', 'point_of_interest', 'store', 'establishment']"
ChIJc57Z6NHNvJUR_7ol9pbiXHs,"['point_of_interest', 'store', 'establishment']"
ChIJZdyDNuXS1y0RSj4J_GeAGXo,"['point_of_interest', 'food', 'store', 'establishment']"
ChIJLRSrMgvNvJURNYToN-WsFfw,"['point_of_interest', 'store', 'establishment']"
ChIJQZaBuPjNvJURfPD8Zaa19ic,"['grocery_or_supermarket', 'point_of_interest', 'food', 'store', 'establishment']"
ChIJMfG7RSLNvJURCuR_sfYR_qA,"['food', 'store', 'point_of_interest', 'establishment']"
ChIJu0C2_yLNvJURU9ibAiCqwoQ,"['store', 'point_of_interest', 'establishment']"
ChIJLcba8vrNvJURM_lLDIKCz1s,"['store', 'point_of_interest', 'establishment']"
ChIJD7G-4PzNvJUR_-tWdASRMrM,"['grocery_or_supermarket', 'food', 'store', 'point_of_interest', 'establishment']"
ChIJo4yFKSzNvJURpLtugRelr4I,"['store', 'point_of_interest', 'establishment']"
ChIJ00bsDADNvJURxHLLiYWzSYw,"['food', 'store', 'point_of_interest', 'establishment']"
ChIJq80mwdTNvJURtOhN-M5ZJy0,"['store', 'point_of_interest', 'establishment']"
ChIJE8oQ1yDNvJURA3JbxC3oAdg,"['food', 'point_of_interest', 'store', 'establishment']"
ChIJV_pLuJPNvJURctDfPIbokZ4,"['store', 'point_of_interest', 'establishment']"
ChIJh00DTCLNvJURYcCEs_9EZN4,"['food', 'point_of_interest', 'store', 'establishment']"
ChIJS_56YNnNvJURV8aqrm-YLSI,"['food', 'store', 'point_of_interest', 'establishment']"
ChIJ83o7MiLNvJURlY_F2_SKL7s,"['store', 'point_of_interest', 'establishment']"
ChIJ73RSO1TNvJUREaW-8V7LR8U,"['store', 'point_of_interest', 'establishment']"
ChIJjZIZMiLNvJURnrT3RFTXlVM,"['store', 'point_of_interest', 'establishment']"
ChIJy9A8Xx_NvJURdAaXjxar3fg,"['store', 'food', 'point_of_interest', 'establishment']"
ChIJf6QV7SHNvJURPYQ4mMmAgww,"['store', 'point_of_interest', 'establishment']"
ChIJRST4XR_NvJURDgIUPSDdZ9Q,"['store', 'food', 'point_of_interest', 'establishment']"
ChIJkaMBnVnNvJURARIP5j6UqJs,"['grocery_or_supermarket', 'store', 'food', 'point_of_interest', 'establishment']"
ChIJwXs7DADNvJURW1Vu5A9FvE8,"['food', 'store', 'point_of_interest', 'establishment']"
ChIJWyN9rJTNvJURL9rfqpFgdHc,"['store', 'point_of_interest', 'establishment']"
ChIJJ8UWLRjNvJURFyCTwQ-h-uc,"['food', 'store', 'point_of_interest', 'establishment']"
ChIJvUgu8KzNvJURi6aYJbR9_Lg,"['store', 'food', 'point_of_interest', 'establishment']"
ChIJ__9z0yPNvJUR7CzFGpkEjnE,"['supermarket', 'grocery_or_supermarket', 'store', 'food', 'point_of_interest', 'establishment']"
ChIJK_hXdojNvJURtxTEelq48OA,"['store', 'point_of_interest', 'establishment']"
ChIJP02u0yPNvJURZSH9VjMDO0w,"['store', 'food', 'point_of_interest', 'establishment']"
ChIJj9p8nHDNvJUREy507F6hjUA,"['store', 'point_of_interest', 'establishment']"
ChIJy6AEdPPNvJUR2wjtn6N_J00,"['store', 'point_of_interest', 'establishment']"
ChIJq_VXfyHNvJURdqVP2MLvEuU,"['grocery_or_supermarket', 'store', 'food', 'point_of_interest', 'establishment']"
ChIJQfMsgCHNvJURbiSynJtu1X4,"['health', 'store', 'food', 'point_of_interest', 'establishment']"
ChIJC2hCAfPNvJUR_uCiJy2UWDo,"['store', 'point_of_interest', 'establishment']"
ChIJueSPgS7NvJURd8zuP8480nk,"['store', 'point_of_interest', 'establishment']"
ChIJNbXbI73NvJURbkjgbwirQAA,"['supermarket', 'grocery_or_supermarket', 'food', 'store', 'point_of_interest', 'establishment']"
ChIJnW5lazjNvJURSABnar2WOCY,"['health', 'store', 'point_of_interest', 'establishment']"
ChIJZShJ-B_NvJURBBZK6k6TGy4,"['grocery_or_supermarket', 'store', 'food', 'point_of_interest', 'establishment']"
ChIJuVJNJADNvJURfU71NPvZRss,"['grocery_or_supermarket', 'store', 'food', 'point_of_interest', 'establishment']"
ChIJzW7CBODMvJUR5PUYOsd3szE,"['grocery_or_supermarket', 'food', 'store', 'point_of_interest', 'establishment']"
ChIJH_dt4ArNvJUR8L6fSzL15QE,"['food', 'store', 'point_of_interest', 'establishment']"
ChIJX1NBYiDNvJURbtgTZ1opnhw,"['store', 'point_of_interest', 'establishment']"
ChIJ9SApCLTNvJURLlsAP25QsBE,"['grocery_or_supermarket', 'store', 'food', 'point_of_interest', 'establishment']"
ChIJsQLJ3IPNvJUR_JE9UARnrlI,"['grocery_or_supermarket', 'store', 'food', 'point_of_interest', 'establishment']"
ChIJxYfeeyrNvJURB6N-sOzmawE,"['store', 'food', 'point_of_interest', 'establishment']"
ChIJk80riFMsvZURNkFLPY7bETI,"['supermarket', 'grocery_or_supermarket', 'store', 'food', 'point_of_interest', 'establishment']"
ChIJOTq3ZfrNvJURTpw6phwYf-U,"['travel_agency', 'point_of_interest', 'establishment']"
ChIJPws3h5PNvJUR7DzVFpeAx_w,"['travel_agency', 'point_of_interest', 'establishment']"
ChIJI2jpfRjNvJUREwgewS8dv0s,"['primary_school', 'school', 'point_of_interest', 'establishment']"
ChIJ4W3jgR_NvJURO4O_26hk3hE,"['church', 'place_of_worship', 'point_of_interest', 'establishment']"
ChIJf5fbYiLNvJUR9brAhs_LHbo,"['park', 'point_of_interest', 'establishment']"
ChIJBXV9w8vNvJUREV8f6PKj88g,"['lawyer', 'point_of_interest', 'establishment']"
ChIJfXhkvvHNvJURBgmBMLl8zVI,"['lawyer', 'point_of_interest', 'establishment']"
ChIJO9zP1NvNvJURmnq1WyxJ0Ko,"['lawyer', 'point_of_interest', 'establishment']"
ChIJ0S1RIabNvJURzq_7CpyLRzc,"['secondary_school', 'school', 'point_of_interest', 'establishment']"
ChIJfUVrhyLNvJURVzBrR_3pGpo,"['dentist', 'point_of_interest', 'health', 'establishment']"
ChIJ8SEta9fNvJURHsTlmy7wkGk,"['dentist', 'health', 'point_of_interest', 'establishment']"
ChIJucPk1CPNvJUReBkjLfMG6CA,"['dentist', 'health', 'point_of_interest', 'establishment']"
ChIJ30OUht_MvJURER60RGKzAdU,"['dentist', 'point_of_interest', 'health', 'establishment']"
ChIJOTJXfiLNvJUR3LFH0da-n2U,"['transit_station', 'point_of_interest', 'establishment']"
ChIJP9pbiyLNvJURZfK75EAvuso,"['transit_station', 'point_of_interest', 'establishment']"
ChIJQ7Ma_yLNvJURmWgdnTCyAOg,"['transit_station', 'point_of_interest', 'establishment']"
ChIJLU8-UyLNvJURS-ybAXZvrdU,"['transit_station', 'point_of_interest', 'establishment']"
ChIJwcDW5CLNvJURcqKacf0xBSU,"['transit_station', 'point_of_interest', 'establishment']"
ChIJlcuHACPNvJURgdDR_tKceKs,"['transit_station', 'point_of_interest', 'establishment']"
ChIJX295qiPNvJUR9uTOJMIBXuI,"['transit_station', 'point_of_interest', 'establishment']"
ChIJvRw2SiLNvJURq3LWgFlnrOw,"['transit_station', 'point_of_interest', 'establishment']"
ChIJ6eQeSyLNvJURHZBAUHueDik,"['transit_station', 'point_of_interest', 'establishment']"
ChIJJ25PyyPNvJURObM07pH_eDA,"['transit_station', 'point_of_interest', 'establishment']"
ChIJOxKzsiPNvJUR6PvSjCco364,"['transit_station', 'point_of_interest', 'establishment']"
ChIJs9BbgyHNvJURT8g-GDAIW3U,"['transit_station', 'point_of_interest', 'establishment']"
ChIJrzOggiHNvJURxpUinUbS0iA,"['transit_station', 'point_of_interest', 'establishment']"
ChIJN-BgqCHNvJURS-T4hfnGNYM,"['transit_station', 'point_of_interest', 'establishment']"
ChIJm8_wWCDNvJURAqofZKHLk9g,"['transit_station', 'point_of_interest', 'establishment']"
ChIJtVzVfiDNvJURFmFrvRdimSI,"['transit_station', 'point_of_interest', 'establishment']"
ChIJwUT3fiDNvJURT7LTp8ootlw,"['transit_station', 'point_of_interest', 'establishment']"
ChIJLUMLh9_MvJURWfF4WuS9cKw,"['transit_station', 'point_of_interest', 'establishment']"
ChIJvdj4RSLNvJUR0AVzNyjpZhY,"['lodging', 'point_of_interest', 'establishment']"
ChIJ4Q2DgCHNvJURAMzzhV6I1cM,"['lodging', 'point_of_interest', 'establishment']"
ChIJDU7y7ZPNvJURxjOf8myghVc,"['point_of_interest', 'local_government_office', 'establishment']"
ChIJpwpwdiLNvJURMt95WdA040c,"['doctor', 'health', 'point_of_interest', 'establishment']"
ChIJp3KIgzPNvJUR325S2w7lct4,"['doctor', 'health', 'point_of_interest', 'establishment']"
ChIJ2ahXfyLNvJURXpfR-U7BnXc,"['doctor', 'health', 'point_of_interest', 'establishment']"
ChIJlbkAnhjNvJURYattvauI9l8,"['doctor', 'health', 'point_of_interest', 'establishment']"
ChIJ6_pmc7TNvJURtTP_Zj2IIek,"['doctor', 'health', 'point_of_interest', 'establishment']"
ChIJoUqhYCLNvJURaj8l2-XpSJ8,"['doctor', 'health', 'point_of_interest', 'establishment']"
ChIJ7Rf7gxjNvJURHYOtGn8g85g,"['doctor', 'health', 'point_of_interest', 'establishment']"
ChIJcXKwdvjNvJURB_N4QNqw22I,"['doctor', 'health', 'point_of_interest', 'establishment']"
ChIJa1aGYxnNvJURBSb-15NkYo8,"['doctor', 'health', 'point_of_interest', 'establishment']"
ChIJfX14SK_NvJUR5Nt_Pr3eNJE,"['doctor', 'health', 'point_of_interest', 'establishment']"
ChIJ1wljxWHNvJURZLvBwT1CW1I,"['doctor', 'health', 'point_of_interest', 'establishment']"
ChIJ2zp3MiLNvJURrNYqMdjDm3U,"['doctor', 'health', 'point_of_interest', 'establishment']"
ChIJcwDfQ1LNvJURqpOdJZYR6-4,"['doctor', 'health', 'point_of_interest', 'establishment']"
ChIJHa4kxN7NvJURPqs5YevwErA,"['doctor', 'health', 'point_of_interest', 'establishment']"
ChIJLXWwnyHNvJUR070aarFFz3Q,"['doctor', 'health', 'point_of_interest', 'establishment']"
ChIJA6oFqiHNvJURhvrYUGOvI1Q,"['hospital', 'doctor', 'health', 'point_of_interest', 'establishment']"
ChIJXXorViDNvJURyuMZ2S2w9GY,"['doctor', 'health', 'point_of_interest', 'establishment']"
ChIJPf4NvtHNvJUR2E2xkRNG-eQ,"['doctor', 'health', 'point_of_interest', 'establishment']"
ChIJs5U1AADNvJURNItbmiKBinA,"['university', 'point_of_interest', 'establishment']"
ChIJJ-BbgRjNvJURQuMOkR0zcxw,"['hospital', 'health', 'point_of_interest', 'establishment']"
ChIJpx6DepTNvJURTM30xPABXeI,"['hospital', 'health', 'point_of_interest', 'establishment']"
ChIJgwmEY1HNvJURlkuffi6d4-4,"['hospital', 'health', 'point_of_interest', 'establishment']"
ChIJ4R56ljTNvJURZMaveVjV4v8,"['hospital', 'health', 'point_of_interest', 'establishment']"
ChIJIb8tGgDNvJURS9hE--yulGA,"['hospital', 'point_of_interest', 'health', 'establishment']"
ChIJtZJDqiHNvJURnZhK08BBXGs,"['hospital', 'point_of_interest', 'health', 'establishment']"
ChIJxaRBI8HNvJURc3tHxTNsmBs,"['hospital', 'point_of_interest', 'health', 'establishment']"
ChIJ05fYbCLNvJUR4DbsD7Bl1Ns,"['veterinary_care', 'point_of_interest', 'establishment']"
ChIJ3XeH3T_NvJURs0SSSFJBrvQ,"['veterinary_care', 'point_of_interest', 'establishment']"
ChIJT0hZfiDNvJURO5a5zbOkjQQ,"['veterinary_care', 'point_of_interest', 'establishment']"
ChIJvXvygyHNvJURCEcQp3Ku_sw,"['school', 'point_of_interest', 'establishment']"
ChIJPdVJ9N_MvJURc0wShwkIxl4,"['school', 'point_of_interest', 'establishment']"
ChIJka0YgQzNvJUR9WUrzGtcpLs,"['insurance_agency', 'point_of_interest', 'establishment']"
ChIJ_SGxLCLNvJURJcxzdTOjmHc,"['insurance_agency', 'point_of_interest', 'establishment']"
